week_start,corn_fut_close,eurusd_close,oil_wti_close,us10y_yield_close,wheat_fut_close,corn_fut_ret_1w,eurusd_ret_1w,oil_wti_ret_1w,us10y_yield_ret_1w,wheat_fut_ret_1w,corn_fut_ret_4w,eurusd_ret_4w,oil_wti_ret_4w,us10y_yield_ret_4w,wheat_fut_ret_4w,corn_fut_ret_12w,eurusd_ret_12w,oil_wti_ret_12w,us10y_yield_ret_12w,wheat_fut_ret_12w,corn_fut_vol_4w,eurusd_vol_4w,oil_wti_vol_4w,us10y_yield_vol_4w,wheat_fut_vol_4w,corn_fut_vol_8w,eurusd_vol_8w,oil_wti_vol_8w,us10y_yield_vol_8w,wheat_fut_vol_8w
2022-12-27,,1.071,,,,,,,,,,,,,,,,,,,,,,,,,,,,
2023-01-03,652.75,1.0656,74.63,3.517,741.5,,-0.005054770661623948,,,,,,,,,,,,,,,,,,,,,,,
2023-01-10,675.0,1.0825,79.86,3.511,743.75,0.03351848329329156,0.015735160090520138,0.06773253049177919,-0.0017074563055501164,0.003029795281852627,,,,,,,,,,,,,,,,,,,,
2023-01-17,666.25,1.0865,81.62,3.525,720.0,-0.013047715392475519,0.003688339819839365,0.02179922834258436,0.003979539077936675,-0.032453744849738515,,,,,,,,,,,,,,,,,,,,
2023-01-24,683.75,1.0871,77.9,3.551,752.5,0.025927378256136738,0.0005520795134702535,-0.04664837710095706,0.007348817696718965,0.04414978461292975,,0.01492080876220587,,,,,,,,,,0.008782501132026471,,,,,,,,
2023-01-31,679.0,1.0791,74.11,3.634,750.25,-0.0069712261774948535,-0.007386239840266716,-0.0498754769134352,0.023104716013028544,-0.0029945123025543288,0.03942691997945792,0.012589339583563194,-0.006992095180028455,0.03272561648213411,0.011731322742489605,,,,,,0.023280449824789648,0.009599263455781045,0.05690434657650206,0.01062769445609856,0.03154990658305235,,,,,
2023-02-07,685.0,1.0678,80.14,3.717,792.0,0.008797710703529131,-0.01052690330360196,0.078224629244731,0.02258292134113565,0.05415490749394945,0.014706147389695487,-0.013672723810559048,0.0035000035729233075,0.05701599412881987,0.06285643495458625,,,,,,0.01745853979650793,0.00664692987920434,0.06125049864844868,0.010015857336088743,0.04064659597042272,,,,,
2023-02-14,677.75,1.0684,76.34,3.828,765.5,-0.010640349883450386,0.0005617451697198402,-0.04857805789091476,0.029425582275592613,-0.03403217671668736,0.01711351289872061,-0.01679931846067851,-0.06687728266057597,0.0824620373264759,0.061278003087637554,,,,,,0.016715517899905125,0.0056402809144108605,0.0633098514672315,0.009375310699413766,0.04127293393759066,,,,,
2023-02-21,642.75,1.0555,75.68,3.922,696.0,-0.053022642232775995,-0.012147613947430455,-0.00868312257346077,0.02425925418344685,-0.09517955476331877,-0.061836507590192075,-0.029499011921579207,-0.028912028133079744,0.09937247381320377,-0.07805133628861112,,,,,,0.026423959615533354,0.005648137991275544,0.06009132993814511,0.003134241332891133,0.06227908967574468,,0.009053345280731963,,,
2023-02-28,644.5,1.0626,80.46,3.983,682.5,0.0027189762332431367,0.006704146728467412,0.06124624177801923,0.015433576425352709,-0.019587133275304817,-0.052146305179454094,-0.015408625352845068,0.08220969055837454,0.0917013342255277,-0.09464395726136175,,,,,,0.027866353034917368,0.00902376353405516,0.05948616302149628,0.0057814718047220015,0.061357903134314065,0.026736133581685695,0.009401430413268082,0.05519413086464005,0.011173225825680057,0.04735131491884406
2023-03-07,624.5,1.0684,74.8,3.515,672.25,-0.03152349281360974,0.0054434672189628735,-0.07294228154121062,-0.12499577893687888,-0.015132231910140693,-0.09246750869659288,0.0005617451697198402,-0.06895722022756694,-0.055877366052486874,-0.16393109666545178,,,,,,0.024414347044140697,0.008609647913113295,0.05864619436095673,0.07424272428969758,0.03702083114527934,0.024314478138745512,0.007370313575557413,0.056352532270684125,0.05131139162161483,0.0470518500779405
2023-03-14,633.0,1.0679,67.64,3.481,700.75,0.013519092578543763,-0.00046809905830622186,-0.10061836095005199,-0.009719916433326396,0.04152089489592367,-0.0683080662345987,-0.00046809905830622186,-0.12099752328670411,-0.09502286476140602,-0.08837802505284079,,,,,,0.030707175633941864,0.00860824761266467,0.07213651314438568,0.06901157394586344,0.05610437820814771,0.025576560963203206,0.007081996068092017,0.06324732238259789,0.05139356918669169,0.04978967884248811
2023-03-21,648.25,1.0778,72.81,3.528,698.0,0.023806002274597504,0.009227823321896875,0.07365378437624016,0.01341152931524316,-0.003932087282525191,0.008520578272775001,0.020907338211021094,-0.03866061633700316,-0.10587058962960973,0.002869442427952739,,0.00632913505164775,,,,0.0240309867729591,0.00410972671199155,0.08990170978666315,0.06666918451135798,0.02798825843647498,0.025201776701901477,0.008141375506444377,0.07080328426643727,0.05158820502353326,0.045988514741572735
2023-03-28,657.75,1.0803,80.42,3.43,693.5,0.01454849550162842,0.002316853823542805,0.09940959306250834,-0.028170876966696335,-0.0064678630074862355,0.020350097541159993,0.016520045306096322,-0.0004972650525140658,-0.14947504302165862,0.015988712695771425,0.007630712341163859,0.013700759536814537,0.07472033032583195,-0.02504809231399674,-0.06692392182310053,0.024841828378042184,0.004169053160421059,0.10124510905779474,0.06084458845718506,0.025471251666697017,0.026289368456308755,0.007781460925767966,0.07766464737275167,0.05137707062218469,0.0459357925700253
2023-04-04,654.0,1.0914,79.74,3.415,678.5,-0.005717568463203408,0.010222495429192268,-0.008491559515919095,-0.004382768155095198,-0.021866760479962447,0.04615602189156625,0.021299073516325744,0.0639534569727773,-0.02886203223987485,0.009254184125949845,-0.0316053394153311,0.008188094875486565,-0.0015037596818663988,-0.027723404163541847,-0.09182047758491563,0.012399547434268368,0.0052225929468221926,0.09033418903233759,0.01711625575843658,0.02731315011838406,0.02577786358927262,0.007151015324486528,0.07270987501972816,0.05000867567026838,0.0379826896843052
2023-04-11,676.5,1.0987,80.83,3.591,696.5,0.033825096153644096,0.006666386954703774,0.01357684179254409,0.05025322222119236,0.026183313944936573,0.06646202546666663,0.028433559529335652,0.17814865971537333,0.03111110641464404,-0.006083396825037253,0.01526747213078838,0.01116614201035103,-0.009726146231906742,0.018550278979713924,-0.0331834187902406,0.016841535730753806,0.0035281645772479043,0.050429317274350655,0.03304586304100409,0.02009779238353843,0.029154945882052738,0.007211725079686554,0.07012889414576035,0.05285100559039344,0.04053467346048694
2023-04-18,651.25,1.0992,78.76,3.515,643.5,-0.03803885454326608,0.00045497976124947177,-0.025942929974828166,-0.02139118998131756,-0.07914576618367906,0.004617168648802838,0.01966071596868854,0.0785519453643052,-0.0036916128819165814,-0.08129707572619113,-0.048698760668614276,0.011069042258130143,0.010979300894222187,-0.010189728698322605,-0.15647896958684943,0.030714336140617204,0.004392380066742631,0.05558518386067553,0.035554508934807584,0.04403522479903578,0.025535635843042793,0.003941407059682579,0.07094609456657357,0.05131384903313155,0.035961946649001805
2023-04-25,639.5,1.1011,75.66,3.574,603.75,-0.01820697204867926,0.001727037651460475,-0.04015563456604173,0.016645891474608064,-0.06376182206939887,-0.028138298901504745,0.019070899796606106,-0.06101328226424488,0.04112515555938775,-0.13859103478810386,-0.05993450653979876,0.02018231974985748,0.020699143241615644,-0.016648553236743115,-0.2172462793536941,0.0303168547115969,0.00451681999860387,0.023175365268522943,0.030856896080504428,0.04722808017316635,0.026464463839005362,0.0040384112645512945,0.06847396015249567,0.05141385361266743,0.040751320655998485
2023-05-02,656.5,1.1019,73.16,3.521,641.0,0.026236072723953514,0.0007262823741859288,-0.033600795682218236,-0.014940376564320776,0.059869251953887696,0.0038153422856522824,0.009574686741599992,-0.08612251843054405,0.030567547150162085,-0.05685502235425377,-0.04249614451937447,0.03143550542764553,-0.09112628168533357,-0.05417185114219962,-0.2115319348937558,0.034676013413385234,0.0029005292735214995,0.024114882413241643,0.032912389625606296,0.0678021438337137,0.024763497595528337,0.00421304601581594,0.06441021390272222,0.025551234718495023,0.04866168928896621
2023-05-09,592.5,1.0853,71.11,3.508,660.75,-0.10257182073356468,-0.015179516041762226,-0.028420849627238357,-0.0036989656629787884,0.030346096563728525,-0.13258157460155645,-0.01227121625486612,-0.1281202098503264,-0.023384640734009237,-0.052692239735461804,-0.1344276153694886,0.015694244216163427,-0.07096907342165713,-0.08729639908077114,-0.14715366161333984,0.05352036909988329,0.008092984037392194,0.006286804277470407,0.016681881939159645,0.06865546138145083,0.045350218213506883,0.007936739652636844,0.0527433102115093,0.02530433631565892,0.047244090995981675
2023-05-16,571.0,1.0823,71.99,3.719,606.25,-0.03696166335327608,-0.002768040150868414,0.0122992465857848,0.05840874043299634,-0.08608311123270565,-0.1315043834115665,-0.015494236166984109,-0.08987803328971336,0.05641528968030466,-0.05962958478448834,-0.11836663648998871,0.025073818012725266,-0.04998670426241148,-0.053146912831221624,-0.13805721808272675,0.053490240840373036,0.007779718505532639,0.023671286410508505,0.032300116787121136,0.07092757586414623,0.04428779829716935,0.007501760750324971,0.04550700041772921,0.03245627149857389,0.05473070585494177
2023-05-23,604.0,1.0723,72.67,3.81,616.0,0.05618498827880482,-0.009282532075000778,0.009401424147333082,0.024174374195676605,0.0159545212818269,-0.05711242308408248,-0.02650380589344539,-0.04032097457633863,0.06394377240137336,0.020086758566737292,-0.06490062444442714,0.009087139209257078,-0.10183152189309755,-0.04440611506089763,-0.102515563525595,0.07051423064098869,0.0070512341624250135,0.02428971770723723,0.03271430379488293,0.0634276286476124,0.050397055882692054,0.008194043334566399,0.022151379429996124,0.029597797420086846,0.05594384577554093
2023-05-30,597.5,1.0699,72.15,3.693,624.0,-0.010819914129149243,-0.0022406880815390114,-0.007181359408664585,-0.03119005326818348,0.012903404835907782,-0.0941684099371852,-0.02947077634917043,-0.013901538302784955,0.04769409569751065,-0.02687908855124234,-0.04419704575996663,0.0014029839087550784,-0.03607059976055154,0.049399610607797975,-0.07447992677954644,0.06568623411990927,0.006113759718465656,0.018714180606076505,0.03835710019222398,0.05345281679984296,0.050357895876502565,0.006844621531660063,0.022191465782434562,0.033166554606399945,0.056663571785931434
2023-06-06,617.25,1.0751,67.12,3.765,633.75,0.03251984441962307,0.004848494346621432,-0.07226522306092917,0.019308725381430757,0.015504186535965254,0.04092325521600263,-0.009442765960786892,-0.0577459117364758,0.07070178674192039,-0.04172099857900566,-0.025196293918887253,0.006719577313682802,-0.007717461871428754,0.07842825242255522,-0.10049663513950476,0.04194778533764916,0.005775366402825609,0.039496181456815285,0.03693210871912756,0.05045316645077434,0.05019267242510351,0.006519791402583097,0.02781953194239065,0.02935820522399261,0.05579596652574247
2023-06-13,640.25,1.0942,71.78,3.769,688.0,0.03658459685434565,0.017609822138543386,0.06712382356051044,0.0010618530331414327,0.08213428302795078,0.11446951542362443,0.010935096328624931,-0.0029213347617502,0.01335489934206556,0.12649639568165064,-0.012417699339139141,0.015101576130329213,-0.014247422687158466,0.06607857614045352,-0.014430264829028783,0.028248769692343818,0.011473240388740006,0.057346012076357734,0.02507712014456633,0.03370029833813021,0.051464955380752145,0.009737933904873982,0.04224396513371665,0.027381571356428318,0.05710848505093465
2023-06-20,637.25,1.0907,69.37,3.719,724.25,-0.0046966818234097886,-0.003203810695028321,-0.03415138832225119,-0.013354899342065405,0.05134779871611613,0.053587845321409866,0.017013817708597168,-0.046474147231334584,-0.02417437419567668,0.16188967311593996,-0.031662876664177275,0.009580911611758048,-0.147808404071918,0.08089455376508432,0.043385396894573526,0.02461156962647288,0.00960089094777728,0.05889481530803327,0.021440048780185274,0.03285040828062451,0.05108225429251869,0.009727824423561815,0.041714166249282,0.028183848118595083,0.05045528221252738
2023-06-27,557.25,1.0908,69.79,3.858,628.5,-0.13414807099024653,9.168003673613664e-05,0.006036235631850463,0.03669409954060444,-0.1418006086191577,-0.06974031153968752,0.019346185826872444,-0.03325655219081958,0.04370977861311125,0.007185659660874533,-0.16009337919122044,-0.0005499037806980452,-0.13328060892414856,0.12197142146078391,-0.07654845124462177,0.07999543531813318,0.009134509927870509,0.05959341141564678,0.021764868470773302,0.09952808792868703,0.06784061633468995,0.009712576258679459,0.04097318424471571,0.028876372575782298,0.07409856622439605
2023-07-04,570.75,1.097,72.99,4.006,636.25,0.023937313143926633,0.005667809303796848,0.04483171243448053,0.03764432276008911,0.012255539834430364,-0.07832284281538399,0.02016550078404794,0.08384038330459007,0.0620453759917696,0.003937012959339599,-0.16998116220093787,-0.0015484814316051054,-0.10202573828221206,0.10936252199968077,-0.09047622535512793,0.07830618224088724,0.009144048169641861,0.04457555804835108,0.025694523897594888,0.0993921068716268,0.06029910992306069,0.008110721339252263,0.04333692098448221,0.02947622363673818,0.0732252108147731
2023-07-11,499.25,1.1228,74.15,3.797,653.75,-0.13384431311398035,0.02324638421249723,0.015767623120400205,-0.05358195599396129,0.027133447514400263,-0.24875175278371003,0.0258020628580018,0.03248418286447992,0.007401566964666923,-0.05106382255421101,-0.2657866207716521,0.021242923019642628,-0.06031518518698365,0.07717175598703709,0.015802988342951227,0.08373708906614835,0.011780699434893358,0.03264683909927627,0.04396678869083625,0.0875186699604573,0.075518106090978,0.010947202573537984,0.043457429822602714,0.033145246714570996,0.06582079240165804
2023-07-18,560.5,1.1125,78.74,3.857,757.5,0.1157222702162899,-0.009215830447332143,0.06006121693165013,0.015678397976425396,0.14729852200439147,-0.12833280074401027,0.019790043105697982,0.12669678811838134,0.03643486428315781,0.04488690073406448,-0.13185737850668283,0.010300054920849965,0.03990166631070834,0.07620426248885448,0.2268633324167417,0.12350076511398542,0.013657072963499042,0.02509493487213696,0.04300587291124513,0.11858468275978187,0.08594964905834032,0.010935144359856326,0.047874220150976844,0.032484561966939884,0.08205889437423772
2023-07-25,504.0,1.1024,81.8,3.959,665.75,-0.10625297444084601,-0.009120113781001131,0.038125958093109966,0.026101788897902805,-0.12910931268948264,-0.10043770419460968,0.01057824928796073,0.15878651057964105,0.02584255364045617,0.05757819666373946,-0.26434642567148225,0.00045365876566282975,0.11162842008603642,0.11724642795107813,0.0378847677733716,0.11639974285348417,0.015412674524257264,0.018404255422670133,0.04102144640842342,0.11317196245200893,0.0925529197376606,0.011787275292407242,0.04822616531989759,0.03049428614158862,0.09889289017426614
2023-08-01,482.25,1.1003,81.94,4.078,657.5,-0.044113616285530115,-0.001906751383527074,0.001710028510023759,0.029615204028269875,-0.012469460642121948,-0.16848863362406638,0.003003688600636841,0.11566482665518413,0.017813434908636936,0.032853196187187156,-0.20588822122344777,0.013726423423897866,0.1417592982232985,0.15056059764232685,-0.004930789432478974,0.11172070053061348,0.015382701861762394,0.025611797834246483,0.03914022759575139,0.11399992325380821,0.09012400428742735,0.011937571990311764,0.03392309177746163,0.031215966610995724,0.09908786752698943
2023-08-08,475.75,1.0944,82.51,4.184,616.0,-0.013570145609579582,-0.005376602007581029,0.0069322259975270134,0.02566105461035824,-0.06519780051839985,-0.04821446611966568,-0.02561929761944142,0.10682942953231066,0.09705644551295643,-0.05947805184561283,-0.1824967034797514,0.011117861567185222,0.13639227763504044,0.11781291181968893,0.0159545212818269,0.09350639855002825,0.00349115327508971,0.027439549686929687,0.0059910259618681525,0.11816358743444605,0.0864315917631878,0.010579215676202729,0.029633805342039306,0.03142260868392112,0.09626993512878056
2023-08-15,469.25,1.0876,80.72,4.342,599.25,-0.013756830709640675,-0.006232834109970545,-0.021933122070898398,0.037067344693478214,-0.027568090219026002,-0.17769356704559638,-0.022636301282079756,0.024835090529762068,0.11844539223000929,-0.23434466406903043,-0.25243852246819676,0.014167559532215527,0.10505773141680902,0.13070588231749042,-0.027568090219026002,0.04364765751639675,0.002970281270298262,0.024707860076468316,0.005276164153292598,0.051981084598825514,0.08600434509576524,0.010763788336885162,0.026773328937688873,0.03040851590275597,0.09261237480698262
2023-08-22,478.5,1.0797,80.1,4.212,588.0,0.019520535426390827,-0.007290209005220753,-0.007710521971040058,-0.030397477184371045,-0.018951925415866867,-0.05192005717835971,-0.020806396506299386,-0.021001389534387845,0.06194612614773538,-0.12418727679541473,-0.22209807291265685,0.00911803860853383,0.10452856885443342,0.13149845840130284,-0.059423420470800764,0.025990630387428982,0.002331836506160161,0.01266529848358529,0.030952727714874825,0.023592341885805442,0.07834674236265232,0.011032992673926092,0.028126856353848196,0.03398618363975185,0.07948343130167422
2023-08-29,464.75,1.0776,85.55,4.173,567.5,-0.029156584291455578,-0.0019468786569407006,0.065825146263889,-0.009302392662313448,-0.035486198543069135,-0.036963025184285056,-0.020846523779712866,0.04311372821947753,0.02302852945715214,-0.14720401469636182,-0.2837745016237354,0.0023226656049717817,0.24261893817925162,0.10288734035755868,-0.11041380554983515,0.02051820854934397,0.002312946577452975,0.038543573785782756,0.031147180731271144,0.020099279166895835,0.07641045986438544,0.010670625862870556,0.03180896446191509,0.032753871096525826,0.07950962697650812
2023-09-05,471.25,1.0718,87.29,4.288,556.0,0.013889112160667093,-0.005396868035404214,0.020134908409056025,0.027185222159085344,-0.020472455104975345,-0.009503767414038338,-0.020866789807536052,0.05631641063100667,0.024552697005879087,-0.10247866928293738,-0.3064699863174141,-0.020684024568975678,0.19563002302779714,0.1290107094835025,-0.2130205436827613,0.023027050324187587,0.002313450544148183,0.038669513761085024,0.03147939401320884,0.007574020637589111,0.06325502760771883,0.0028143485707542524,0.03176639324694335,0.023107305931832384,0.07772766485758255
2023-09-12,471.5,1.0668,91.48,4.319,591.25,0.0005303633112915648,-0.004675964752890796,0.046884460407321873,0.007203470210063055,0.06147064555556045,0.004783426606894075,-0.019309920450456337,0.12513399310922693,-0.0053111774775359425,-0.013439933508351043,-0.30124294118271266,-0.022156178626838094,0.2766658717573705,0.14956907903563119,-0.20289769684331707,0.021745697966919067,0.0022143515119750407,0.032048609622416104,0.024456868590608232,0.0438598126378125,0.04017143941332265,0.0024657908470403843,0.029689485674214474,0.023275953429956798,0.053421519821260935
2023-09-19,481.25,1.0648,89.68,4.542,589.0,0.02046778352848183,-0.0018765252269573457,-0.019872590390675834,0.050343549704802704,-0.003812756154556016,0.0057306747089850745,-0.013896236672192998,0.11297192468959108,0.07542984941163774,0.0016992357529598428,-0.14662708666398422,-0.02412438389053159,0.2507570457348442,0.16321852919982938,-0.06490984437871537,0.022015260872192365,0.0018281289142820705,0.03715181894069749,0.02575214067130671,0.0427038141506461,0.02359178004097793,0.0021483328776618123,0.03131774582373766,0.02642092962452857,0.03609821873565028
2023-09-26,488.75,1.0565,88.82,4.683,564.75,0.015464225697581553,-0.007825430024790442,-0.00963592889994837,0.0305714865180379,-0.04204302830347408,0.05035148469802219,-0.019774788040042787,0.03751084952575366,0.11530372859198919,-0.004857594007445061,-0.15510017411032934,-0.037617623219118886,0.19628940440041528,0.15614569295777814,-0.11920841251661986,0.00851358048501147,0.002448739298427443,0.030219045765274743,0.01766614101329466,0.044624417705176125,0.018644845165605602,0.0022097742370918647,0.032072056044918244,0.0264873480966344,0.03726118618431022
2023-10-03,488.25,1.0567,86.38,4.797,572.75,-0.0010235415427872518,0.00018928639087369324,-0.0278556823314011,0.024051792318522114,0.014066165985492167,0.03543883099456778,-0.014188633613764847,-0.010479741214703481,0.11217029875142595,0.029681027083022508,-0.022279402539136326,-0.06067472104074238,0.15266609894861374,0.23377944127026143,-0.13227569404552775,0.01073038793894748,0.003479935188665216,0.03383492473984196,0.017831839511643844,0.04296669169947736,0.017682269003655996,0.0028775169921588695,0.03480171592174105,0.02642073255278019,0.0335809902019251
2023-10-10,490.0,1.0522,86.66,4.712,577.25,0.0035778213478839024,-0.004267634150278224,0.0032362487792083248,-0.01787827617064128,0.007826126900999748,0.03848628903116007,-0.013780303011152349,-0.05412795284281711,0.08708855237072152,-0.023963491571537963,-0.1344238514075423,-0.05572652474368849,0.09584113079617193,0.2002227671231947,-0.2717480891489195,0.010027001396798945,0.0034415618939127243,0.013437813551947802,0.028700210619799625,0.0251508541547996,0.016310530245336435,0.0027791362042596597,0.03303660371180298,0.027601074751696823,0.03312872954165466
2023-10-17,490.25,1.059,85.49,4.838,587.25,0.000510073971783427,0.0064418563046995305,-0.013593006273621016,0.026388965838549987,0.017175175304417402,0.018528579474461643,-0.005461921479495404,-0.04784836872576229,0.06313396850446877,-0.0029755601125644768,-0.02766080299491297,-0.040164554657987815,0.04412216642944087,0.20050994406384193,-0.12546360115501937,0.007470471436133491,0.006151564888699357,0.0128019099121874,0.022602656803548234,0.02780584275513745,0.015315315677193284,0.004349772191367536,0.033520431915861716,0.022491449540759382,0.03336609403390792
2023-10-24,478.25,1.0562,82.31,4.875,566.0,-0.024781856756093363,-0.00264750532857355,-0.037906803053589636,0.00761869226197508,-0.03685654533583922,-0.021717502979213217,-0.0002839967832785888,-0.07611924287940351,0.04018117424840573,0.002210922855070208,-0.008329043465476181,-0.04090530860303422,0.004505334865827577,0.178513432297547,-0.14985068584873668,0.013042706246664863,0.004716466337926631,0.01788456594826741,0.020403527239039536,0.025240673681345107,0.014025599502528796,0.004345942353542786,0.02755026579043599,0.020321045240536784,0.03357621667101371
2023-10-31,477.25,1.0732,80.82,4.662,575.75,-0.002093145714505215,0.015967278278636206,-0.018268147334225084,-0.044675563836245116,0.017079460497611547,-0.02278710715093136,0.015493995104483916,-0.06653170788222743,-0.028546181906361382,0.0052242173671897645,0.003147956429598192,-0.01956142831681705,-0.020695038465924395,0.10817681385094349,-0.06757342483272517,0.01293276976313454,0.009339120281711187,0.01692411506354857,0.03090975912433483,0.025816820758408368,0.01347471580042251,0.007635627540997865,0.02587445314651162,0.029988817248075852,0.03297770119271879
2023-11-07,477.25,1.069,78.26,4.632,579.0,0.0,-0.003921207526423777,-0.03218784286806104,-0.006455800342871331,0.0056289388722006615,-0.026364928498815336,0.015840421728338366,-0.10195579952949688,-0.017123706078591514,0.0030270293383903996,0.016904787139238747,-0.017249801733270422,-0.030949759263086997,0.06465366881459408,-0.03437639574149844,0.012179278783128113,0.009239532835863665,0.011441615684239861,0.030103709763071668,0.025654718720557804,0.01348192874054375,0.007571689400518696,0.013203863462767564,0.030583213520652245,0.023794510769786746
2023-11-14,469.5,1.0907,77.6,4.422,543.5,-0.016372163957539352,0.020096059909652138,-0.008469189593093507,-0.04639665783543962,-0.06327277101173107,-0.04324716642813802,0.029494625333290857,-0.09683198284896931,-0.08990932975258101,-0.07742091697775802,-0.018987912244691343,0.010136467181602325,-0.03170842688514044,0.04865448816352538,-0.07869724133736279,0.011817925436929368,0.012432585163754699,0.013345749635689986,0.027247971166647643,0.03735747052863253,0.01232560785554399,0.010211882392137904,0.013762880194755089,0.03090949339721391,0.03206912262533516
2023-11-21,455.5,1.094,74.86,4.389,534.25,-0.030272581948304567,0.003021012047229292,-0.03594772471289014,-0.007490671729157514,-0.0171658123620071,-0.04873789162034927,0.03516314270909368,-0.09487290450826971,-0.10501869374371349,-0.057730184003925884,-0.020103909901540387,0.015104357885772385,-0.13348129786191956,0.05046620909668152,-0.06037685515630078,0.014083237193584579,0.011168353063895879,0.012695557194843258,0.022279376670644047,0.03553546610071525,0.013074576986068412,0.009242711081123378,0.01457525835594427,0.027706107769113482,0.029637572469236918
2023-11-28,460.25,1.0888,73.04,4.288,595.75,0.010374103413174327,-0.004764531644670254,-0.024612466189569804,-0.023280986937596088,0.10895722177959452,-0.036270642492669716,0.014431332785787392,-0.10121722336361436,-0.0836241168450644,0.03414757727805702,-0.02361891864903326,0.015736694276506286,-0.1782286724605454,0.0,0.06905282172826907,0.017918418042048603,0.011532402560418528,0.012173266180025153,0.018656486830582953,0.07282388696440907,0.014578381412663061,0.00971587497534612,0.014413425604266833,0.024754885505091567,0.050729042588466514
2023-12-05,460.5,1.0766,71.32,4.239,591.25,0.0005430355821742871,-0.01126824521039943,-0.023830443291773546,-0.01149303139800082,-0.00758217617270874,-0.03572760691049549,0.007084295101811701,-0.09285982378732689,-0.088661347900194,0.020936462233147407,-0.023606246378150612,0.009144413818997832,-0.2489435761596409,-0.01869650160806404,0.0,0.01801183320165191,0.013541361826199977,0.011282625069242254,0.017489477711727153,0.07329777253614721,0.014289058597721909,0.010795475643505727,0.010589527782501537,0.024715668226159865,0.050895239220946534
2023-12-12,477.0,1.0895,72.47,3.954,617.0,0.0352036351929797,0.011910948257817687,0.015995890126250484,-0.06959966762207481,0.042630084099245055,0.015848192240023713,-0.0011008165500227564,-0.068394744067983,-0.11186435768682922,0.12683931734412376,-0.008870394713652788,0.022931887303772578,-0.21307509564271457,-0.13863971893494154,0.04644284025380111,0.027085363566378865,0.010006137530460453,0.022747239234309498,0.028553513440494636,0.057790142330439165,0.02089556863644286,0.01121915466259068,0.017678567924589054,0.026004170253288512,0.05267301271627755
2023-12-19,473.0,1.1027,73.56,3.901,616.25,-0.008421102396408284,0.01204284237995823,0.014928716614930278,-0.013494794223905844,-0.001216298548487909,0.0376996717919199,0.007921013782706321,-0.017518302740162577,-0.11786848018157763,0.14278883115764288,-0.03275572280764254,0.04280015970852138,-0.18851045012783574,-0.18270599967688522,0.08726957000878728,0.018822074738077402,0.011844678665505263,0.022917794159350795,0.027246239328722464,0.053699182023776465,0.01924190274215867,0.011262150689696153,0.020025605704025017,0.02310480523183966,0.04995011644949099
2023-12-26,471.25,1.1056,71.65,3.866,628.0,-0.003706649729712435,0.0026264562487725157,-0.02630824546193949,-0.00901254973838027,0.018887441111298798,0.023618918649033233,0.01531200167614912,-0.019214082012532177,-0.1036000429823618,0.05271905048934714,-0.035438830994567745,0.04523732956642039,-0.18696301325837403,-0.21577034173378767,0.09209084513459372,0.019872776242019014,0.01098723524071967,0.023426862434478793,0.02919073369675305,0.022643643026906735,0.019258896882083633,0.010428284945715027,0.02046454522189162,0.02283596789207058,0.049987529442794526
2024-01-02,455.0,1.0942,70.77,4.002,596.25,-0.03509131981127006,-0.010364671383679717,-0.012357972186487584,0.03457385537540233,-0.05188012426564773,-0.012015436744411126,0.016215575502868684,-0.0077416109072462845,-0.05753315620895848,0.008421102396408345,-0.07410797215372185,0.03914029233301868,-0.20255723422407004,-0.16331821018774392,0.03238459396794626,0.028978487392357505,0.010574957905117238,0.020885363309327644,0.04272112949784044,0.040205130006948496,0.02256045838328524,0.011313816961255468,0.01925812206218631,0.03050538769357342,0.05475481334600327
2024-01-09,447.0,1.0946,72.68,3.95,596.0,-0.017738824337381633,0.0003654970800921674,0.026631061440277163,-0.013078657248511023,-0.00041937513720117576,-0.06495789627477237,0.0046701243251432425,0.0028935604067804183,-0.001012145835394629,-0.03462835684003811,-0.09235687046288685,0.03306393310841135,-0.1623331665101718,-0.20278583327480504,0.014790043526327516,0.013854466916821013,0.009202097781111033,0.02432303500864592,0.02330580875431115,0.030277368934879027,0.02265547083676719,0.008932821865601166,0.023791936115310195,0.02831309178129316,0.04785131000801025
2024-01-16,445.75,1.0892,75.19,4.094,596.5,-0.0028003378703190854,-0.004945517910213357,0.033951999861964975,0.03580690832606739,0.0008385744726209456,-0.05933713174868322,-0.012318235965028379,0.02191684365381519,0.048289556714578484,-0.03257348381892904,-0.07037535157711246,0.030765920526771576,-0.09047436359461712,-0.1745976172107126,0.05248516333478781,0.015137414556168318,0.0058017723301204156,0.02936385519065857,0.02675065834503776,0.030462566351606865,0.02044942578951231,0.009048080525509867,0.024947874769934493,0.033434215775162604,0.046719073782234354
2024-01-23,440.25,1.0844,76.78,4.091,593.5,-0.012415509366934323,-0.0044166431750940205,0.020925946182716208,-0.0007330482918363427,-0.005042027488248088,-0.06804599138590496,-0.01936133538889491,0.06915103529847072,0.05656905816112235,-0.056502952418475964,-0.0806977152295415,0.010381999073041494,-0.05128027007767587,-0.13065510166630379,0.03036367534892805,0.01354608361698472,0.004389744044673977,0.02047030375571755,0.024826465779511125,0.0252962613157359,0.019948425706718422,0.00902573788785048,0.023542068433215584,0.03297645183786872,0.026589705199438998
2024-01-30,442.75,1.078,72.78,4.164,590.25,0.0056625292866274044,-0.005919366155567946,-0.05350299738863786,0.01768671180546084,-0.005491038084100374,-0.027292142288007512,-0.014916030160783078,0.028006010096320394,0.03968191459118079,-0.01011386623692867,-0.07503518594291408,0.008383840443897369,-0.07259542459825266,-0.1065125895179717,0.019243698392627125,0.010368246945290214,0.002799724938646448,0.04068715411893704,0.02139220658072756,0.0032083251352536413,0.020251744352862328,0.008282095078117798,0.030318936288137713,0.03386846504752054,0.026520021062066752
2024-02-06,430.5,1.0798,76.92,4.172,597.5,-0.02805795279515738,0.0016683663152441822,0.055324728536565185,0.00191938638580367,0.012208107840043362,-0.03761127074578335,-0.013613160925631062,0.05669967719260841,0.05467995822549533,0.0025136167403158995,-0.08672097478053208,-0.01004385315051059,-0.00880150646859394,-0.058196545296728505,0.09472457724440159,0.014464298533831663,0.0034379106341443145,0.047294525712269345,0.01684934622244542,0.008240855079708037,0.013611792670082152,0.006879351238614848,0.035550836555532386,0.020244522632378574,0.021133362457670894
2024-02-13,416.5,1.0785,79.19,4.295,560.5,-0.033060862260888065,-0.0012046519549756285,0.029084107501742146,0.029056018297692682,-0.06392504129345111,-0.0678717951363524,-0.009872294970393387,0.05183178483238556,0.04792906819712079,-0.06224999902575624,-0.08950925509311561,-0.014269517152715466,0.056230325746038194,-0.021649855269878327,0.04796534831295753,0.0174626582120563,0.0033869707763054813,0.04667455898845524,0.013988024439264524,0.033277904316829525,0.015172165838995045,0.0044101219297842794,0.036320231096828,0.019762171268850295,0.02979992218995349
2024-02-20,407.0,1.082,77.58,4.299,577.25,-0.023073276164302357,0.003239993577215887,-0.02054036621049998,0.0009308820779259762,0.02944620572239015,-0.07852956193372047,-0.002215658218083583,0.010365472439169503,0.049592998566883095,-0.027761765815117943,-0.12295663467059231,-0.006264991930829373,0.06030242572510796,0.0025620137456436156,-0.03154566774424681,0.01734922298922212,0.004022594569997131,0.04886828390590964,0.01350007632858139,0.04057914251515819,0.014477637511955941,0.004521380008402524,0.035563615683459025,0.01852372828821409,0.031539000589700016
2024-02-27,417.5,1.0843,78.74,4.219,563.5,0.025471358848315202,0.0021234370717094593,0.014841623503770326,-0.01878430437194292,-0.024108114754773757,-0.0587207323720327,0.005827145009193708,0.07871009333157768,0.01312198238947927,-0.046378842485791355,-0.09802831140445141,0.007126690351279392,0.09897449252065178,-0.0047292592282983225,-0.04807160632631175,0.02707646222856998,0.0018931694001360897,0.0316231541281607,0.019652025087652795,0.04141650143078142,0.019439927942748552,0.003546679832616412,0.03440881981831656,0.019345226532420448,0.027623109852879114
2024-03-05,428.25,1.0943,77.93,4.104,537.5,0.025422592913319022,0.009180271946261068,-0.010340297660121704,-0.027636025273733277,-0.047238573478013135,-0.005240186663556159,0.01333905064021068,0.013045067134890736,-0.016433429270057514,-0.10582552380384791,-0.10780935368411196,0.004396014039722999,0.07263830473427968,0.0372343831200432,-0.13794026390356998,0.031164243128604576,0.004330225349113595,0.022748216435752134,0.025127702674097748,0.0406874820429742,0.022904347158021168,0.0051062001086024785,0.034848603502416454,0.021967654678581,0.03079267035712351
2024-03-12,436.0,1.0883,82.72,4.34,542.75,0.017935106144804928,-0.005498043722381347,0.05965042290464938,0.055912240243844946,0.009720048756583432,0.0457557817421369,0.009045658872804861,0.04361138253779781,0.010422792676094833,-0.03218043375381335,-0.08145314514289864,-0.013144872062616825,0.11736001102399861,0.106641417587794,-0.1270039165984986,0.02327906474844622,0.006029274004047416,0.035738806960958706,0.037489938572033074,0.034231307898845924,0.02436180013460757,0.005185243765697888,0.03850005049349934,0.026670800120509586,0.03151105568574855
2024-03-19,437.75,1.0808,81.95,4.253,555.0,0.004005727816926903,-0.006915338056026958,-0.009352105570280288,-0.020249731840816902,0.022319304988033202,0.0728347857233662,-0.0011096727604377884,0.05479964317801766,-0.010757821242648121,-0.03930733448817023,-0.07374076759625924,-0.02268666636741626,0.1343161509156577,0.09540423548535737,-0.1235720527217642,0.01010916641704526,0.007450479174709843,0.03277234683957016,0.039259383391772096,0.031723010093122006,0.024123101167726917,0.005544954224996325,0.03897473010811193,0.028349682328780382,0.0337548114018041
2024-03-26,435.5,1.0793,83.71,4.329,557.0,-0.005153174873403763,-0.00138882481468856,0.02124913948212616,0.017711952188346924,0.0035971261808494747,0.04221025200164734,-0.004621934646835734,0.06120715915637352,0.025738435317641785,-0.011602093552546943,-0.04380262265839289,-0.013710819798425011,0.16792326258427162,0.07854233229830174,-0.0680948022752669,0.013725292783401798,0.007278187562977681,0.03300254249161996,0.03850574255360288,0.03056905145337512,0.024017667179586845,0.005117424323478992,0.030013970918001457,0.02835131581605367,0.03401797481977263
2024-04-02,435.5,1.083,86.43,4.424,565.75,0.0,0.0034222851696899723,0.03197639309258205,0.02170769576019034,0.015587044586362654,0.01678765908832811,-0.010379921423406829,0.10352384990907723,0.07508215635156526,0.051223524511828926,-0.026063798321011404,-0.010654031708827212,0.1732685942365764,0.11332868530700327,-0.052088382551703054,0.00989634148946168,0.004645986194623659,0.028521065900161558,0.03115464119329827,0.008011733745449673,0.0216071949740393,0.005228108403531727,0.02676911578614659,0.028915954889352856,0.03431373665983483
2024-04-09,431.5,1.065,85.41,4.628,551.75,-0.009227285769074894,-0.016760168857465188,-0.011871647806491055,0.04508054511139631,-0.025057239376800936,-0.010374732825551704,-0.021642046558490523,0.03200177919793682,0.06425046121911662,0.016446236378444536,-0.032490746219767115,-0.022468682656079035,0.1274449465681203,0.12260232209233228,-0.07798419640112506,0.0057975598022777085,0.008665477211296272,0.021957421495725396,0.027050656498426532,0.020930776568484334,0.017404469864599193,0.00803603339452884,0.027503298260428088,0.03110782577466692,0.027058689324437897
2024-04-16,439.75,1.0658,82.85,4.623,570.25,0.018938873094184988,0.0007508917191565136,-0.030431446085484003,-0.0010809643253416813,0.03297981602765168,0.004558412451706408,-0.013975816783307171,0.010922438682733031,0.08341922873459194,0.027106747418062953,-0.0011363637586479709,-0.017301147761828548,0.07608755429992026,0.1222544060588268,-0.039962352885225275,0.01245236452777449,0.009060483890004167,0.02893210246849649,0.018961974284376147,0.02441130098407701,0.013910313631729931,0.007869454805163562,0.02921333097394342,0.031193478146177626,0.02766673283344754
2024-04-23,439.25,1.0707,82.63,4.614,590.25,-0.0011376565504610187,0.004586949301542438,-0.002658933159478965,-0.001948685254526593,0.03447131480112495,0.008573930774649085,-0.008000042667076265,-0.012985633958872016,0.0637585912917185,0.057980936038338364,-0.007936549595736303,-0.006794832304718211,0.12693161852907922,0.10261900899883948,0.0,0.011926719399965015,0.009970273608975235,0.02616875937018878,0.02230213719187314,0.027726724638208383,0.012724083779069875,0.0080937503389404,0.029301356995485695,0.02957055516973664,0.028573062360619964
2024-04-30,457.0,1.0758,78.48,4.489,632.25,0.039614663826998034,0.004751930674917972,-0.05152899545598524,-0.02746519995176682,0.06873870958445218,0.048188594601647254,-0.006670397161848308,-0.09649102250743913,0.014585695579761313,0.11113260103642776,0.05973606702641915,-0.0037112679450444328,0.020077894536528654,0.07323442266126909,0.05653060174440888,0.02186248237563017,0.010230094459723435,0.021615479596898506,0.030212431134323228,0.03890673247900037,0.01626112575347055,0.007372149641991232,0.035542296982067366,0.029538560051777966,0.027209248193150435
2024-05-07,458.5,1.077,79.12,4.481,670.25,0.003276900802314791,0.0011148273172461413,0.008121872057348933,-0.0017837239957891183,0.05836589156599424,0.06069278117303689,0.011204599012863062,-0.07649750264359911,-0.0322785735274242,0.19455573197922293,0.09607383008962224,-0.0013917886728226083,-0.0008843409078643871,0.04239468036778725,0.17882153460385414,0.01843123638346236,0.002163474643219407,0.027027011409219898,0.01293584374952303,0.017743957576897784,0.01581721695808804,0.007311205872351139,0.02701659512062195,0.023488459263954608,0.02981900249277094
2024-05-14,460.5,1.0875,79.8,4.437,688.75,0.00435256399884194,0.009702085806450447,0.008557817141306318,-0.009867763407233473,0.027227583351055486,0.04610647207769399,0.020155793100157225,-0.0375082394168088,-0.041065372609315975,0.18880349930262683,0.12349967025276651,0.005070303556412225,0.028213842443941973,0.03159603488262796,0.17660291223251953,0.018875443066961494,0.0035322447585573826,0.028576163330955463,0.012070595147996906,0.019574728569056683,0.015810536076822805,0.007831513384313479,0.027397034027538653,0.022209454886323688,0.029774089380616566
2024-05-21,464.75,1.0848,77.72,4.467,697.25,0.009186770906191865,-0.0024858457767079644,-0.026410879946523698,0.006738569973209048,0.012265666040474023,0.05643089953434675,0.013082998021906819,-0.061260186203853616,-0.03237811738158037,0.166597850541976,0.10721508231064322,0.0004610207079947927,-0.01303866100635203,0.057118909227779895,0.2129766930277674,0.017197767650456545,0.005207122493838146,0.029176305390732727,0.014585544651409784,0.026360730900859147,0.015120070510852675,0.0078841909368201,0.02645612631992591,0.021665158509284778,0.02894744608253264
2024-05-28,443.5,1.0853,74.22,4.402,672.75,-0.04680182485191925,0.00046080826583817406,-0.04607896887678785,-0.014658059265711613,-0.035770236900583154,-0.029985589144570515,0.008791875612826948,-0.05581015962465614,-0.019570976695525138,0.062088904056940675,0.0349906645454048,-0.00825844297242822,-0.04877733222301809,0.07009687523580158,0.22444502960519733,0.02632936619251121,0.005242162824273722,0.026964875380793916,0.009399745926903895,0.03921784034094839,0.02471989180142957,0.007803758674171901,0.023268209345825252,0.021210756833755295,0.036753967766912754
2024-06-04,451.75,1.0779,77.74,4.469,607.5,0.018431127722703684,-0.006841742664386394,0.046336269791625424,0.015105686847044535,-0.10202161439231172,-0.014831362224181698,0.0008353056311942492,-0.017595761890379716,-0.0026815658526914135,-0.09829860190136518,0.03548668612330347,-0.009602141914433185,-0.06209148533604195,0.029290321839001043,0.1127033664563022,0.029317040126241655,0.007003743077585432,0.04067632143150878,0.013952584678683204,0.05820668267977403,0.024815274612468692,0.004994845908397232,0.03292576996758993,0.013068664135994352,0.05584296275693162
2024-06-11,443.75,1.0702,80.33,4.279,591.5,-0.01786758868271235,-0.007169156910378503,0.03277322476164408,-0.04344533251663475,-0.026690491796262067,-0.037051514905736,-0.016035937085634756,0.006619645729958019,-0.0362591349620927,-0.15221667704868283,0.013613369623664365,-0.009855960768784745,-0.019966155004117622,0.006094721163183346,0.06369356967200696,0.02938571690700144,0.0036656153381183663,0.0448366858141101,0.026123198516982738,0.04746321162733792,0.025421628803693995,0.005873312928034954,0.03530314696104664,0.0188499707994992,0.05662486134254349
2024-06-18,433.5,1.0688,81.63,4.248,552.5,-0.023369544569028955,-0.0013090230948230046,0.01605369127754346,-0.007271053495042025,-0.06820825002653358,-0.06960783038095687,-0.014859114403749828,0.04908421695402531,-0.050268758430343834,-0.23269059311569049,-0.004603000071960966,-0.009776159048919295,-0.025161603208700378,-0.018888284520205634,-0.008111806535376182,0.02698265556928961,0.003870134321356597,0.04082405927621905,0.024163806229115643,0.03423662436637542,0.02687856533432982,0.005655230181554253,0.03600707817252884,0.018631357256025258,0.06039159283934856
2024-06-25,398.25,1.0735,83.38,4.479,569.25,-0.08481184743043867,0.004387814536454338,0.021211630989386252,0.052951523285525354,0.029866271551941014,-0.10761785295947632,-0.010932108133133627,0.11637481682019928,0.01734082412089316,-0.1670540846631662,-0.08941484750239953,-0.00881062968215492,-0.03592636531189614,0.012355543005129383,0.006167420430202289,0.042828112665596864,0.005455729841239742,0.013453796922063471,0.04040311326490114,0.05682835238087349,0.03450837232556266,0.005610770501986562,0.030308616718989,0.027600751762275298,0.05459698522020427
2024-07-02,395.75,1.0826,82.33,4.269,553.0,-0.0062972500290363305,0.008441217044041834,-0.012672911142316147,-0.048020199449338066,-0.028961703421514193,-0.13234623071121632,0.004350851575294635,0.05736563588625767,-0.04578506217548947,-0.09399417369236869,-0.08648481176236114,0.01639075621935217,-0.03672762864772115,-0.08074520155560518,0.0022629563854890456,0.0352098942785689,0.006804041360392343,0.01931870583833339,0.04664082807375638,0.040360029705434564,0.033856618956280934,0.006409669823264825,0.031135023815588532,0.03238686531003131,0.04637296893049133
2024-07-09,390.5,1.0886,81.91,4.229,532.5,-0.013354729481380887,0.005526911637222177,-0.005114477782824007,-0.009414049285473541,-0.03777510393875458,-0.12783337150988489,0.01704692012289543,0.019477933341789547,-0.01175377894432818,-0.10507878583486126,-0.11877841433792687,0.021166776137417787,-0.011410660345061184,-0.08907828651573689,-0.06849196358091725,0.03592513751994479,0.004087296738281127,0.016325515620849478,0.041700352062545756,0.04102726931616619,0.032716478543384456,0.005697588731038964,0.03128491080897365,0.03237963788707901,0.04155156427359496
2024-07-16,400.25,1.0899,79.78,4.26,548.0,0.024661382597083358,0.0011934818951664086,-0.0263482370502501,0.00730360179092743,0.028692389364435463,-0.07980244434377251,0.019549425112884846,-0.02292399498600399,0.0028208763416412634,-0.008178146443892318,-0.09297937519038252,0.017773308731041774,-0.03509996423583232,-0.0798259994702829,-0.07427088901760671,0.04628581453967138,0.002996286997247419,0.019996216793587988,0.04183212864393345,0.03635136680923968,0.03510049298951035,0.005604341114122716,0.03127642957537396,0.0324119978229191,0.04437089584969631
2024-07-23,396.25,1.0854,75.81,4.178,531.0,-0.010044026685333655,-0.004137366265961617,-0.05104263640904796,-0.019436497146905023,-0.031513265706076744,-0.005034623598667589,0.011024244310468844,-0.09517826238443822,-0.06956714409078903,-0.06955768370191011,-0.1426380657027143,0.008884011790162205,-0.034613605188895065,-0.07179729666542106,-0.17452286430813574,0.01751888088519942,0.005475996269443135,0.020179325058288632,0.02320766407409744,0.030943550890117542,0.03324989824723877,0.005849477953618814,0.032423465046618555,0.03263903462147543,0.044318793906184234
2024-07-30,390.75,1.0911,72.94,3.785,539.5,-0.013977355889904381,0.0052377790317487335,-0.038593024687678466,-0.09878677624496189,0.01588076345625057,-0.012714729459535579,0.007820806298175494,-0.12109837592980047,-0.12033372088641292,-0.02471521682414545,-0.15989232239493353,0.013006963504664414,-0.08132850193392256,-0.1688003489145938,-0.2170079924178793,0.018640148913407612,0.004517817588744205,0.019570007678148402,0.04711164190760527,0.03338056202229641,0.030590702208659944,0.0053668564491388725,0.029880161183725294,0.044528175276781,0.03551564743549657
2024-08-06,383.25,1.0914,80.06,3.909,536.75,-0.01938045154966246,0.00027491409107854246,0.09313916818389338,0.032235699921405604,-0.005110347939298961,-0.018740451527817177,0.00256880875203183,-0.022844729963082996,-0.07868397167953384,0.007949539175310149,-0.183625337943438,0.0035797917892924458,0.003252849108664581,-0.1266968855859548,-0.24934592370823383,0.01993517421318963,0.003847181262282736,0.06666692360784374,0.056807557246493,0.02632397281086386,0.030593505797772137,0.004152836526025817,0.04528781682514348,0.046992415960766636,0.035305787461812246
2024-08-13,378.0,1.1025,74.37,3.867,528.25,-0.013793322132335873,0.010119052568869557,-0.07372371884921865,-0.010802574185657648,-0.01596278026272435,-0.05719515625723643,0.011494379425734991,-0.0702202117620517,-0.09679014765611901,-0.0367056304518495,-0.20660543098196574,0.01618469013486987,-0.044059989794030426,-0.14423802974482153,-0.2775743700114323,0.0038420963297622008,0.006164217762146079,0.07521556603544992,0.05462098915816774,0.019911343052599978,0.030555105207646746,0.0046142081706530905,0.05134102605607469,0.046965690886666134,0.027400149950456903
2024-08-20,362.0,1.1188,77.42,3.818,498.0,-0.04324998379381663,0.014676354006803607,0.040192510434293165,-0.012752287321604095,-0.05896957947151312,-0.09040111336571931,0.030308099698500398,0.021014935081289515,-0.09010593783081812,-0.0641619442172859,-0.2030535899238632,0.030400235875835367,0.04221148951705053,-0.14233225780071407,-0.30077371258236224,0.014008270046812028,0.006209006145213725,0.07550837469310502,0.05491664575570157,0.03152431436918537,0.01859476941975183,0.006001169673977682,0.05347064190211696,0.03912622652488634,0.028927239918168087
2024-08-27,378.0,1.1045,73.55,3.911,532.75,0.04324998379381674,-0.01286393846763277,-0.05127969810205556,0.024066370469821293,0.06745219395407358,-0.03317377368199832,0.012206382199118791,0.008328261666912418,0.032747208883964894,-0.012590513719462841,-0.17823473385275015,0.024378040072589133,-0.055404478376630525,-0.1333715741779375,-0.13129990423597696,0.036659946440085904,0.012194235535467014,0.07818311138559442,0.023306308556271922,0.05249922387715774,0.027062208849833413,0.008533416060880946,0.05552433074699781,0.04003086995891365,0.040760042301704186
2024-09-03,384.25,1.1087,68.71,3.697,555.5,0.016399186799117643,0.003795413918133963,-0.06807069800446203,-0.05627141581888225,0.041816338100958104,0.0026058646667817356,0.015726882026174397,-0.15288160452144312,-0.05575990685632284,0.034336172320794195,-0.14396795837092027,0.03534261090110174,-0.15624840114273666,-0.14619765748018487,-0.06279307433875672,0.037410397960924165,0.01205325636453031,0.0531371048325596,0.03290231533729895,0.05696748509967159,0.02789727403836078,0.008467477609720383,0.058453632947191414,0.04308574812114004,0.041234121637441924
2024-09-10,410.75,1.1088,70.09,3.621,578.5,0.06669137449867214,9.019165733276803e-05,0.019885381469248984,-0.020771449170990695,0.04056993755404667,0.08309056129778976,0.005698021114637796,-0.05927250420297544,-0.06572878184165594,0.09086889013756512,-0.05390703930321907,0.03674182565325755,-0.1524167109510311,-0.15969805315613358,0.04598511324182344,0.04737011931703311,0.011360350933860066,0.05290175238691059,0.03296294974589419,0.05584934180116399,0.03632409677117627,0.008496765629072098,0.06021735852786885,0.04197044299007773,0.04239480927340222
2024-09-17,413.5,1.1161,70.37,3.739,582.5,0.006672757546368642,0.006562116226030436,0.003986905466224285,0.03206796521147245,0.00689063880612445,0.13301330263797495,-0.0024162166661353558,-0.09547810917104446,-0.020908529308579213,0.1567291084152026,0.037577565673588054,0.03891612734283365,-0.16964143647419316,-0.18058161123018646,0.023009480496006693,0.02713315857007886,0.008592556039261803,0.042408858519996796,0.04121560493250732,0.024838156007315475,0.035929633473666955,0.00820288659984196,0.058793107539656615,0.04589152953479917,0.0395171866995127
2024-09-24,424.75,1.117,68.17,3.802,584.0,0.026843246088295362,0.0008060544075313837,-0.03176245060376375,0.016709048071260724,0.00257179738837139,0.11660656493245365,0.011253776209028713,-0.0759608616727526,-0.028265851707139703,0.0918487118495005,0.07071806179091979,0.03128096470632319,-0.18873097593564067,-0.11585236370958756,0.05454298130589221,0.026346951548438243,0.0029699901613824556,0.03920579838080328,0.039605270802398694,0.021131134558379713,0.03569435592857312,0.008217351831260223,0.058355025046197745,0.031169143800723356,0.0395899050010866
2024-10-01,426.0,1.0975,77.14,4.026,592.5,0.002938585717329088,-0.017611654119874334,0.12361736740538778,0.057246083151362266,0.014449890181059223,0.10314596385066525,-0.010153291828979649,0.11572720373709733,0.08525164726310487,0.06448226392960164,0.0870113769896297,0.008142398949226727,-0.05999913074742892,-0.04919223127275182,0.10676797542570614,0.02922149783805836,0.010458126898953828,0.06671640023953983,0.03265554050397077,0.017022765286281813,0.033856504708361726,0.011004435122244135,0.06637848876705453,0.03572188672805038,0.03913129008247245
2024-10-08,408.25,1.0925,73.83,4.098,585.25,-0.04255961441879589,-0.004566217979581083,-0.043856799709007625,0.01772572259910837,-0.012311766638266133,-0.0061050250668029165,-0.014809701465893527,0.05198502255884065,0.12374881903320388,0.01160055973728897,0.019790379973750345,0.002382699074479308,-0.07750769340618636,-0.03877011046457099,0.06576381942300463,0.02930144357398056,0.010326341497512498,0.0764935954746038,0.018889321542933272,0.011266923898569963,0.03836290987260033,0.010417317600111267,0.0626747571883832,0.03549206697492833,0.03877353881714792
2024-10-15,409.5,1.0869,70.56,4.182,572.25,0.0030571714425495786,-0.005139040400603987,-0.04530174137253828,0.020290551189733986,-0.0224631475383441,-0.009720611170621927,-0.0265108580925281,0.0026963757200782665,0.1119714050114652,-0.0177532266071796,0.03289157810163367,0.0013810249398368377,-0.07176679836967668,0.0009569378720679626,0.07481393759073733,0.029018612721826133,0.0077968747632526265,0.08218668958371453,0.019560292668258074,0.01625619676097479,0.03225232174091196,0.008250011205779442,0.06194959744196608,0.0347462804500069,0.030352934514012813
2024-10-22,410.75,1.0797,67.38,4.278,558.75,0.0030478536242533358,-0.0066463828160463955,-0.04611517372012913,0.02269600965377183,-0.023873812904897474,-0.033516003634663984,-0.03396329531610595,-0.0116563473962872,0.11795836659397634,-0.044198836900448464,0.049916787615791554,-0.010503136907958208,-0.07928894740212734,0.12243972377080163,0.03505936122958927,0.022787139278761182,0.006143519378699237,0.08435947252664425,0.01861528527170437,0.017762756618921818,0.030372320378841307,0.00751440483727397,0.061502299044705944,0.034678130645483134,0.025634067876811648
2024-10-29,416.5,1.0875,71.47,4.309,568.75,0.013901704689519826,0.007198259209744295,0.058929543253480744,0.007220247973487097,0.01773882433738163,-0.022552884662473086,-0.009153381986487248,-0.07634417154819424,0.06793253141610135,-0.04090990274412603,0.08319894385497392,-0.0035797917892923764,-0.11349857233254006,0.09742427182288331,0.057908533506269816,0.025139979647601854,0.006384964698846758,0.052018774928086826,0.006817656931248498,0.019342460985627894,0.030314467556021504,0.008022695973496178,0.06104157794759031,0.02196129155267539,0.021974513173349496
2024-11-05,430.0,1.0715,68.04,4.308,565.5,0.0318987470807108,-0.014821948049207473,-0.04918201370422633,-0.0002320993395589187,-0.005730674708984983,0.05190547683703358,-0.019409112056113603,-0.08166938554341309,0.04997470947743409,-0.034328810814845005,0.1288910130680205,-0.028520792407369443,-0.0889568671875478,0.10799474666898212,0.06814063906000906,0.013612231461909942,0.009090486101759672,0.05292430577384059,0.010872492444251215,0.01938591970520356,0.022526982595694953,0.009027379948094275,0.0634594296398116,0.017342680984047995,0.01591028757831454
2024-11-12,429.25,1.0534,69.16,4.414,547.25,-0.001745708910023176,-0.017036507864342715,0.016326893287428666,0.024307548540402523,-0.032804559153202795,0.04710259648446084,-0.03130657951985233,-0.020040750883446153,0.053991706828102566,-0.04467022242970374,0.17039528795181383,-0.060233654278515854,-0.11282248433441242,0.1450545825309887,0.0943056593783193,0.014927164510970127,0.010968084063395223,0.0522313134295582,0.011963493352657603,0.0223214946659561,0.022672544724330168,0.00883293544709404,0.0638221952634179,0.016892079050676898,0.018431745730727003
2024-11-19,424.75,1.048,68.94,4.265,535.75,-0.010538739225543556,-0.005139442168301359,-0.0031860997263704442,-0.03433912689090223,-0.021238102049285952,0.03351600363466392,-0.029799638872107292,0.02288832311031247,-0.003043429716571394,-0.04203451157409219,0.11660656493245365,-0.05250915797918435,-0.06472888595872726,0.0866490851702653,0.005615363374959892,0.018655377756799044,0.011047728671695334,0.04486019535643115,0.02462994645051457,0.021855415504068502,0.021258584004366653,0.008294166812995003,0.062719374973794,0.02588344386035177,0.018439513731930455
2024-11-26,424.5,1.0545,68.1,4.196,537.5,-0.0005887548006394346,0.0061831350378418175,-0.01225934793325273,-0.01631049040959167,0.0032611256481314627,0.019025544144504622,-0.030814763044009798,-0.04830056807642083,-0.026574168099650276,-0.056512210263342334,0.09961862333269672,-0.05012143685947669,-0.00891753588751787,0.12661001057955584,-0.03293984907786683,0.01863237674138177,0.010601735133428245,0.027462972287005307,0.024896933657455312,0.016044357012076658,0.021225482787378038,0.008603534280411896,0.038690731332909345,0.021096556206431524,0.016583492509657412
2024-12-03,434.0,1.0565,68.37,4.199,541.25,0.02213252834900279,0.0018948371372820376,0.003956918770235996,0.0007147111680055676,0.006952519314881663,0.009259325412796726,-0.0140979778575202,0.004838364398041526,-0.025627357592085894,-0.0438290162394756,0.05505977718302739,-0.04831679137952742,-0.024845998586530776,0.14809617091855196,-0.06655726731703163,0.013938844890236512,0.010145438839996898,0.01206669039513581,0.024982561230055392,0.01920002499198478,0.013969811869335623,0.008946081494763457,0.037369220195611695,0.020499050294514782,0.017907086647538175
2024-12-10,445.0,1.051,70.71,4.397,550.0,0.0250297480658353,-0.005219466179160302,0.033652873690446686,0.04607608849661691,0.016036998909817104,0.03603478238865536,-0.002280936172337854,0.022164344801059735,-0.0038588176358714363,0.0050125418235441935,0.07341676770249411,-0.06009837378471827,0.004819969637691772,0.16210429420369643,-0.057410907213339045,0.017350527086983585,0.005602903777332869,0.01988132634642585,0.03447222001286388,0.01592621930573265,0.015056537048303545,0.008947347513939578,0.03701889572005627,0.02510751957663492,0.01913944277988057
2024-12-17,447.75,1.0433,69.24,4.599,540.5,0.006160758774581039,-0.007353325403027447,-0.02100827530814087,0.044916398359113686,-0.017423641147253578,0.052734280388779774,-0.004494819407063943,0.004342169219289248,0.0753967076141444,0.008827002725576565,0.052734280388779774,-0.0682577535952771,0.015574144933314524,0.19031164449154933,-0.07740634574896409,0.012374875059596143,0.006273886035934656,0.02404924634001622,0.031548194889694896,0.014145223880626265,0.01487879471953856,0.008978415389983837,0.03341386604569717,0.028220750931382453,0.018348224285715597
2024-12-24,452.25,1.0429,70.99,4.545,548.25,0.010000083334583399,-0.00038347234675647097,0.024960291743285994,-0.01181116092834472,0.01423675021873454,0.06332311852400253,-0.011061426791662122,0.04156180889582776,0.07989603709539142,0.01980262729617973,0.059795778006034174,-0.05102957182215924,-0.0830829307287873,0.12125440041184253,-0.07761948571128863,0.009162230074870265,0.004260785914551892,0.02436316153156005,0.029914650375942025,0.015424603447288791,0.014825750551568389,0.007932100604364532,0.026866711504166956,0.029182232638224122,0.017784478201423187
2024-12-31,457.75,1.0305,73.56,4.618,540.5,0.012088059279215522,-0.011961172796653456,0.03556237768482595,0.01593398330286164,-0.014236750218734594,0.05327864945421523,-0.024917436725597715,0.07316726781041769,0.0951153092302474,-0.0013866422374366146,0.11444345170404564,-0.05842452663923151,-0.0036637533349537592,0.1194626611155957,-0.0795444692917572,0.008183570101895578,0.004806636528342708,0.02660325882196643,0.027520620187914766,0.017941181903369373,0.012106664401967426,0.0074903141092814126,0.021191710209803517,0.02919610456488017,0.018113729174358304
2025-01-07,476.5,1.0244,78.82,4.803,545.0,0.04014453953963671,-0.00593704600514359,0.06906537203073708,0.03927901175038366,0.008291157583981182,0.06839344092801657,-0.02563501655158088,0.10857976615070819,0.08831823248401428,-0.009132483563272474,0.15153081980113275,-0.059222532243771074,0.1107033600683216,0.13845112167624546,-0.048790164169432056,0.015558986223090382,0.004769629512592216,0.037200720025913916,0.025843705905161215,0.015883388749294024,0.015857642930901403,0.005739615754577307,0.02993071822463678,0.03077747166280597,0.01484582537043265
2025-01-14,484.25,1.0277,77.88,4.609,538.75,0.01613357919284837,0.0032162203056573936,-0.011997591262858627,-0.041229808944316125,-0.011534153245286519,0.07836626134628404,-0.015065470842896167,0.11759045019599049,0.002172025180584347,-0.0032429956613054416,0.1646165453697278,-0.049359929122067284,0.14482094252559213,0.07452530307815741,-0.03645050450982103,0.01393654126040947,0.006634937605943892,0.03339055847610704,0.03480878161564234,0.014195314291866814,0.012672912344878726,0.006142585112524185,0.030898528808318847,0.03227349952200484,0.013217918179859147
2025-01-21,482.0,1.0468,73.17,4.528,535.5,-0.004657188236504981,0.018414596024963342,-0.06238367960806019,-0.017730572837489456,-0.006050751530154087,0.06370898977519582,0.0037325975288237147,0.03024647884464424,-0.0037473867285603988,-0.02353049741019416,0.14605765244370297,-0.0381435923068483,0.023507719664051057,0.04957448226718075,-0.0602400803773567,0.018484030650676463,0.01321963840501027,0.057276119594089035,0.035625329097378776,0.010044161802521287,0.013505745651376983,0.009305123803244796,0.04077526759740298,0.032440448593996994,0.013369104551519824
2025-01-28,488.75,1.0248,73.16,4.543,566.75,0.013906997248975173,-0.021240420073466288,-0.0001366773732737681,0.003307245876384461,0.05671739949983493,0.06552792774495553,-0.005546649747989297,-0.0054525762134555265,-0.016374124155037417,0.04742365230837533,0.12806590261196743,-0.044562064331107154,0.07255305599500379,0.053113827483124106,0.002207993831463215,0.01838018025426293,0.016614793098570346,0.054154954606078644,0.03416148422147775,0.031053739902011185,0.013272749417541842,0.011615068641259475,0.04087282095423246,0.032352768348753405,0.02436762464735521
2025-02-04,491.5,1.0312,72.32,4.493,579.5,0.005610828287645657,0.00622570104245315,-0.011548107438743902,-0.011066956689243323,0.022247373392168018,0.030994216492964476,0.006616097299607465,-0.08606605568293661,-0.06672009259466435,0.0613798681165624,0.13542243980963622,-0.021299855424311304,0.044678055268831215,0.01773932225347828,0.05725992637683398,0.009428810147546278,0.016617390813190875,0.027792095149929894,0.01857231878736585,0.03130274355142159,0.012916165329922732,0.012110667803088938,0.04000849349909423,0.029381954521577363,0.024836408595474077
2025-02-11,496.25,1.0489,70.74,4.472,600.0,0.00961789241417891,0.017018823342580522,-0.022089532306586467,-0.00468489423522486,0.03476399243634003,0.02447852971429491,0.02041870033653077,-0.09615799672666443,-0.030175177885573064,0.10767801379818878,0.15557907144935873,0.0008584100865707213,0.025774622688615155,0.04739355490915583,0.11326202086245993,0.007943123211810456,0.018388598480558647,0.027089101753685986,0.00898334593720908,0.026193619637787487,0.012733236142016286,0.013648022640024111,0.04010218431481279,0.023928011196248516,0.02449714783736795
2025-02-18,482.5,1.0475,70.7,4.393,579.0,-0.02809891122235953,-0.0013356231712652656,-0.0005656108748073817,-0.017823370859155713,-0.03562717764315116,0.0010368067284403084,0.0006684811403020797,-0.03433992799341152,-0.03026797590723929,0.07810158768519172,0.12806891502763867,-0.006660348122536369,0.03746835974706046,0.04588067445959175,0.0743737175711773,0.01920650836636005,0.016137196357382543,0.010437706575335132,0.009018473578279645,0.03943211671581115,0.019356148429402267,0.01366265733754983,0.03907853681362869,0.024317567204548265,0.029900946318321946
2025-02-25,440.25,1.0414,68.37,4.18,532.0,-0.09163817340272505,-0.005840411067494099,-0.03351144097682444,-0.049701118456977625,-0.08465898823135085,-0.10450836392325998,0.016068490146274286,-0.0677146915969623,-0.08327634024060136,-0.06327480004599399,0.014298213275910694,-0.01439559632731254,0.0,-0.004535155165391262,-0.0172377899750552,0.046835134078862105,0.009995747399663945,0.01412235757498786,0.019988015392956898,0.05519358594354354,0.040014506283217115,0.013018123254248509,0.037571211722522785,0.027409778248269102,0.04401910055035172
2025-03-04,458.75,1.0861,66.03,4.213,545.25,0.041162651992464536,0.04202733655719156,-0.034824947719222635,0.007863736460214672,0.024600915740094,-0.06895654021844126,0.05187012566101297,-0.09099153187744095,-0.06434564709114343,-0.06092125769806797,0.030431117202539833,0.032851206409039435,-0.06847782140966928,-0.042747507201793614,-0.008673873144778192,0.05711164592354476,0.021750127759992813,0.015855559433254066,0.024742471817194397,0.0557444478271429,0.040179413534051536,0.018911856033451035,0.02095720296481956,0.020255748951924557,0.04493107630286654
2025-03-11,461.0,1.0881,67.58,4.306,568.5,0.004892643627868453,0.0018397576709759326,0.023202897079663793,0.021834415945291865,0.041756908108852374,-0.07368178900475161,0.03669105998940823,-0.04569910249119063,-0.0378263369106268,-0.05392834202555563,0.029163002055827256,0.04204428948304295,-0.024266649021864598,-0.06582948961561554,0.05050667611132781,0.05641558298158653,0.022128545262365733,0.02800229762249193,0.03145762151650049,0.057902843876124876,0.03953635695680067,0.0189606280773283,0.02638210112615284,0.021441498136664894,0.04687538479285074
2025-03-18,464.5,1.0836,69.11,4.331,548.25,0.007563515257244776,-0.004144224746026477,0.022387356817159164,0.005789063290318384,-0.036269925892593154,-0.038019362525147364,0.03388245841464708,-0.02274613479922421,-0.014213902761152704,-0.05457109027499763,0.02672643397848868,0.03828353708377284,-0.026839583947991474,-0.04822926539695245,0.0,0.05718885522737188,0.022612396891286433,0.032893845301018056,0.03157945398786833,0.05798561680630255,0.03983723746541075,0.0187200611802073,0.02264525915947666,0.02160688051006819,0.04921080846714634
2025-03-25,457.25,1.0824,71.48,4.246,537.0,-0.015731270982918107,-0.0011080333543616217,0.03371825218792446,-0.019821098951425246,-0.020733292789132846,0.03788753989465959,0.038614836127779516,0.044483558365524714,0.015666116744399675,0.009354605167220318,-0.0010928962836449807,0.04913667652606467,-0.028683709444892975,-0.08398434765123919,-0.006496542570398315,0.023552176903556675,0.021720249160215352,0.03106213638922564,0.017355234414501902,0.03684356219087136,0.03924152072424515,0.01594004294499901,0.026903127310106616,0.021797365460311878,0.04451439386048219
2025-04-01,464.5,1.0985,60.7,4.155,536.5,0.015731270982918055,0.014764814968086631,-0.16347399222577472,-0.021664934973652926,-0.0009315324381114966,0.012456158885113254,0.01135231453867452,-0.08416548614102744,-0.013862554689467895,-0.016177843010985325,-0.025506164840363648,0.06983853749929474,-0.26122307370140485,-0.14492829437527574,-0.015719232592490886,0.013382843801538107,0.008318013477657106,0.09509517614588471,0.021011566171012436,0.03378586208513107,0.03991244931427835,0.016177514574422958,0.06312040448451828,0.022295404078147053,0.04308965813261291
2025-04-08,485.0,1.1343,61.53,4.364,547.5,0.04318733268359001,0.03207010774033207,0.013581162686946324,0.049076639663412774,0.02029589961990273,0.05075084794083464,0.04158266460803045,-0.09378722053374494,0.013379669028653072,-0.03763885149993481,0.0015475886503779107,0.09869242493396957,-0.23564431975159994,-0.054621845767546806,0.01611082027269827,0.02431313841778573,0.016659475874131493,0.09371463369571816,0.032962207145241826,0.024522081631596193,0.0435184283637864,0.0181447470948644,0.06435253586932921,0.030603510617050304,0.04122305853899645
2025-04-15,481.75,1.1397,63.08,4.405,538.5,-0.006723583643007401,0.004749349296692609,0.024878901342438548,0.009351191417318615,-0.016574965094212676,0.03646374904058266,0.05047623865074953,-0.09129567600846533,0.016941797155653176,-0.017943890701554308,-0.0005188067561245312,0.08502717820569881,-0.148381738801101,-0.027540081512738835,0.005586606708639776,0.026286224569026982,0.01452942945763133,0.09412819142410088,0.03309808952147522,0.018591166257494223,0.04238945123409828,0.017734927739252466,0.06591525337060586,0.030236144494140277,0.0401632092240746
2025-04-22,475.5,1.1343,62.05,4.216,515.5,-0.013058425309030756,-0.004749349296692582,-0.01646325044422148,-0.04385344814908161,-0.043650193139428584,0.0391365947144699,0.04683492270841871,-0.14147717864061113,-0.007090552042003166,-0.04086079105185006,-0.02748422931413053,0.10151824898247261,-0.1647083118720487,-0.07470077553820498,-0.0947809859306238,0.025465200949242903,0.01573982965522437,0.08716697471391908,0.04031495455157842,0.026928665406356356,0.022708524221056306,0.01759456332992869,0.06547790015068639,0.028894469102522007,0.03061979177548884
2025-04-29,446.5,1.1323,57.13,4.343,514.25,-0.06292748166889121,-0.0017647582450029914,-0.08261113891424501,0.029678542313623536,-0.00242777492394807,-0.039522157937339465,0.030305349495329058,-0.06061432532908143,0.04425292524527315,-0.0423570335376866,-0.09602253927066752,0.0935277896950164,-0.23577134334754976,-0.033955276535338114,-0.11945613424673988,0.04339831970657302,0.016803920848175984,0.048237338549644265,0.0400429843285545,0.026766626539518307,0.030531628009030653,0.012533301377970546,0.06987655668254075,0.030605684921718977,0.02843408184230371
2025-05-06,440.25,1.123,61.95,4.457,499.0,-0.01409665294023821,-0.008247286581550765,0.08099823533878031,0.02591054041173395,-0.03010343278154783,-0.09680614356116768,-0.010012044826553795,0.00680274732275262,0.021086825993594308,-0.09275636593913723,-0.11973708462508467,0.06826167977088513,-0.132683575702183,-0.003359841888379359,-0.1843235594646277,0.026022139702350056,0.00551315048175093,0.06895347079762497,0.03391940504665005,0.01771293058511713,0.03053446432399517,0.013398031033969658,0.07734508370695957,0.030980464926359887,0.02112880140648907
2025-05-13,447.5,1.1188,62.69,4.475,529.0,0.016333790338594445,-0.003746993410638453,0.011874337210725689,0.004030457762399876,0.05838233610678077,-0.0737487695795657,-0.018508387533884844,-0.006201816808960542,0.01576609233867581,-0.017799064738143865,-0.07530438306413059,0.0658503095315118,-0.12024362761664996,0.018493986733176242,-0.09031404571469587,0.032843966965324045,0.002713440847999684,0.06779315911200118,0.03381025024910051,0.045264944531505855,0.031230537280755023,0.013364457532836091,0.07678653819765084,0.03097469575744105,0.03203489753508157
2025-05-20,459.5,1.1373,61.53,4.509,542.5,0.026462404080831652,0.01640034986259422,-0.018677084533478203,0.007569047712128671,0.02519965355631515,-0.03422794018970327,0.0026413116254019485,-0.008415650898217181,0.067188588199886,0.05105078195760003,0.04279619441942614,0.08809107046160011,-0.10540927117330372,0.07576415290228236,0.01954459607297013,0.040136214476293376,0.010838194977036449,0.06796430920358043,0.012872845518883786,0.03787736738624332,0.03262551781380036,0.013834535106943853,0.07451256623601266,0.029429555045252735,0.03281008359521232
2025-05-27,438.25,1.1353,62.52,4.462,539.0,-0.0473494179943979,-0.001760099019910881,0.015961644800877004,-0.010478303428606488,-0.006472514505617479,-0.018649876515209822,0.0026459708504939137,0.0901571328169048,0.027031742457655886,0.047006042375930576,-0.04571587556743614,0.04430363488449757,-0.05462267865320414,0.05742211301346129,-0.01152883417274132,0.03327050781888753,0.010837847715568566,0.0419255071691417,0.014966710227910806,0.038467465963417644,0.03590757788726956,0.013602112495124477,0.04643777867697445,0.02807998821994285,0.03292158349548443
2025-06-03,433.5,1.1408,65.29,4.482,542.0,-0.010897727580747281,0.004832837489543593,0.043352379645266205,0.004472279368394498,0.0055504305306490415,-0.01545095115571899,0.015726094921588392,0.05251127712339065,0.0055934814143164925,0.08265990568812752,-0.06150624677605203,0.047296714703065096,-0.03447319608760166,0.040059976436563914,-0.04773531175094451,0.03300553698240476,0.009085486349564865,0.025394735282724627,0.008072782253779344,0.02833169855863387,0.02958495055398575,0.00776097518761605,0.04849091204607717,0.02291940232918222,0.0320616765075928
2025-06-10,434.75,1.1557,71.77,4.452,536.5,0.002879357013795951,0.012976450321364108,0.09462767624343825,-0.006715941965436942,-0.010199439368893077,-0.028905384480517705,0.03244953865359088,0.13526461615610327,-0.0051529183135202794,0.014078130212453804,-0.06619040501950083,0.06441738977045555,0.037767123338677544,0.02755497118080876,-0.0216648252272444,0.0308782397187775,0.008176610251418968,0.04783061929906344,0.008670877376906659,0.015939504261732133,0.03011393059423648,0.00884184797655558,0.05751103701742018,0.023020649224461183,0.03170391693554153
2025-06-17,419.25,1.1501,68.51,4.32,552.75,-0.036303752531074165,-0.004857325882859989,-0.0464868414271727,-0.030098031157279413,0.02983925766680254,-0.09167154109242348,0.011191862908136728,0.10745485926240883,-0.042819997182928185,0.0187177343229411,-0.0867628865676568,0.060668097241957375,-0.04243797027641958,0.017278038974954533,0.028907725228691027,0.02299321011311667,0.007897714766452572,0.05877354781415615,0.014403743053249431,0.018069515674200263,0.03123935517434636,0.00885324877885707,0.060826073632892996,0.019391714004890374,0.027811316598530738
2025-06-24,420.5,1.1727,65.11,4.23,528.75,0.002977078709684569,0.019459887368483333,-0.05090157276603702,-0.021053409197832267,-0.044390089377067975,-0.0413450443883411,0.03241184929653087,0.040591641695494826,-0.05339510295215395,-0.019199840548509456,-0.09951707884089044,0.06536316964235404,0.07013444918331806,0.017889564750775123,-0.014550831710265482,0.018497958759907673,0.010510208030993288,0.07111938817741065,0.01529142922042965,0.031110227183640458,0.025104602130822825,0.01065377993175503,0.05445081504980993,0.0176556358900359,0.03357439263554213
2025-07-01,418.0,1.1781,67.93,4.395,539.75,-0.005963046888246413,0.004594188785054745,0.04239961595444001,0.03826553807895361,0.02059033903442904,-0.03641036369584026,0.03217320059204205,0.03963887800466847,-0.019601844241595067,-0.004159932044729502,-0.14866745841272683,0.03788725068707661,0.09895290245081173,0.0070784631663157625,-0.014256392295739112,0.018612230963980056,0.010535605592117397,0.07097255553588061,0.03034487724439913,0.03358831989123695,0.024963556181572387,0.009369010870335391,0.049377121640498255,0.020830248332814987,0.031017947931100007
2025-07-08,412.75,1.1682,66.98,4.427,534.0,-0.012639349724518948,-0.008438868645864595,-0.014083695837152074,0.007254622612863732,-0.010710230434721909,-0.051929070434154984,0.010757881624813238,-0.06907249407592188,-0.005631279663294494,-0.0046707231105583445,-0.15458322449423842,0.02469903274451932,0.05999030527122103,0.004981894361860954,-0.008391657636248401,0.01681248986212726,0.012458850956620663,0.04303224410439844,0.030865788204533146,0.033635687976382195,0.02322141183982921,0.010177396279223436,0.05019651859417044,0.020988675829786228,0.02449554432626157
2025-07-15,403.75,1.1631,67.2,4.372,542.25,-0.022046208263371142,-0.004375248261215823,0.003279180163045217,-0.012501583435711745,0.01533131074678893,-0.03767152616645188,0.01123995924645762,-0.01930647248570392,0.011965168058272996,-0.019178670030571943,-0.16357100744857864,0.025073133779996287,0.07973273587848774,0.03633375907523081,0.050589846249969046,0.010573920987635795,0.01236348005742047,0.03874969283385769,0.0263351809645872,0.029733510139240103,0.018071235037945662,0.009604231970071849,0.04910071319741419,0.020970065407820822,0.02333386333993395
2025-07-22,393.75,1.1757,66.71,4.42,538.5,-0.02507968439702343,0.010774860528702364,-0.007318380807679952,0.010919125775314564,-0.00693965311054048,-0.06572828927315988,0.002554932406676515,0.024276719472653314,0.04393770303142011,0.018271766235955448,-0.12572321017671098,0.03761275255370141,0.1550254939850528,0.017574342536921896,0.04607796806337669,0.00876137270832046,0.008678125209868538,0.02525239173238091,0.020894715543288304,0.01568879230195313,0.013789883553539063,0.009774255001275359,0.049454487120839136,0.02136572764898611,0.023352786564564774
2025-07-29,387.0,1.1587,66.29,4.2,516.75,-0.017291497110060994,-0.014565027870678742,-0.00631581046812363,-0.051055170800284065,-0.041228298034565555,-0.0770567394949745,-0.01660428424905691,-0.024438706949910415,-0.04538300584781758,-0.043546870833039146,-0.1289180543465337,0.0312950112645735,0.06771144817814886,-0.059391368675096035,0.03495310281035888,0.005457094056152555,0.010796131927688976,0.00714700569340495,0.028401130293544616,0.023263755640220735,0.013810456877635739,0.011832592565851556,0.047475997094362024,0.027426240999416224,0.02726077518864563
2025-08-05,385.0,1.1648,63.96,4.273,515.0,-0.005181358741997629,0.005250711439404975,-0.035781168287546836,0.01723163137256517,-0.003392297898141454,-0.06959874851245322,-0.002914704163787338,-0.04613617940030511,-0.035405997088116016,-0.036228938296458665,-0.15043320342712585,0.04029271611461689,0.020055942679876364,-0.046190195064930814,-0.026821531194563267,0.008753509207585065,0.01114789291246268,0.016855824153336772,0.030906743190078707,0.023568015938582196,0.01263147094057456,0.011096092625716768,0.030410143603758825,0.028870617027969354,0.02721586396883877
2025-08-12,383.0,1.1707,63.42,4.341,502.75,-0.005208345107138235,0.005052462043205236,-0.008478618855552232,0.015788579655568676,-0.024073872010974683,-0.052760885356220324,0.006513006140633592,-0.05789397841890262,-0.007115833996835528,-0.07563412105422229,-0.1821039526150958,0.028944828295228067,0.030254408357802343,-0.03797066312149061,-0.0760950567618532,0.009764425619509796,0.011116507055689463,0.014232579491467752,0.03296163106338385,0.017405557310247635,0.009635622400312576,0.010902752702586924,0.02751217780460637,0.02773739924031644,0.023783269615506995
2025-08-19,389.25,1.171,64.8,4.275,506.75,0.01618682153346172,0.000256224112090647,0.021526334248027572,-0.01532063392873292,0.007924756679348065,-0.011494379425735134,-0.004005630275978051,-0.02904926336319497,-0.0333555937008831,-0.060769711264333795,-0.11856771308723621,0.030961151427229435,0.03581909780495306,-0.04281299362161704,-0.061697785576887695,0.01392781642656189,0.009332590967683,0.023412863873381345,0.03219426319983127,0.02183570374483609,0.01298296570018714,0.008388780405346132,0.023643162722183385,0.02716605254676011,0.020527865665469033
2025-08-26,398.0,1.1692,64.01,4.227,518.0,0.022230194570329903,-0.0015383303606265218,-0.012266282204316917,-0.011291580804070674,0.02195745692737361,0.028027312254655875,0.009021067234074177,-0.03499973509938815,0.006407996295330256,0.0024160436976054327,-0.08543979093615883,0.024589983577059268,-0.019799564044630097,-0.058576853794082326,-0.04529075918016311,0.014303676929426174,0.0034246430909681234,0.02352146794410279,0.017302835838893228,0.01944677663939611,0.017252152616131913,0.008167323958756944,0.016155314686451133,0.022845210432478898,0.02077846424089236
2025-09-02,403.0,1.1713,62.26,4.046,505.5,0.012484556662245277,0.0017944888387379948,-0.027720156140450064,-0.04376378283909918,-0.02442720379895696,0.04569322765889877,0.005564844633407506,-0.02693872295229142,-0.05458741791633409,-0.018618862203209987,-0.07583459128770947,0.013408022094433375,-0.14214739642851845,-0.09562469466774465,-0.059518523610227005,0.011792907364552394,0.002795102862504096,0.020597047368067983,0.024370904840731972,0.023341706412523942,0.018160474088586353,0.007608756165240949,0.01761143823230131,0.025893998740039347,0.021842371169326625
2025-09-09,423.25,1.1726,63.3,4.034,525.0,0.04902645906656177,0.0011092624542857557,0.01656616413666845,-0.0029702992135337545,0.037850224131097746,0.0999280318325987,0.001621645044487863,-0.0018939399600708209,-0.07334629678543657,0.04330523393886232,0.00949562030992638,0.01937461043157908,-0.07909439086467736,-0.06849696272399898,-0.05150755714593192,0.01652523019672969,0.0014405243624350604,0.023493210677304314,0.01771433669662811,0.026491656634555452,0.023962828062403796,0.007367362343912513,0.01947706467746588,0.02604696257594687,0.026138655447827962
2025-09-16,421.75,1.1737,62.64,4.143,510.75,-0.003550299587167048,0.0009376465759634323,-0.010481277467582838,0.02666172356324474,-0.0275180288938923,0.08019091071196992,0.002303067508360853,-0.03390155167568134,-0.031363939293458924,0.007862448365622087,0.0029682420130750383,0.0008523696390592905,-0.03867409556622306,-0.020781829962922046,-0.03463549666275634,0.022049931830942622,0.0014571964861412824,0.018401403077099265,0.0289627029943831,0.03293045731819891,0.02101470487178668,0.006240844560230028,0.01950554711435245,0.0283509185516912,0.02744458207939322
2025-09-23,421.5,1.1708,63.45,4.141,519.5,-0.0005929439841675326,-0.0024738762883473662,0.012848142477849059,-0.0004828585318345485,0.01698657684155063,0.0573677721574725,0.0013675215806400257,-0.00878712699351543,-0.02055521702122274,0.0028915682797990743,0.008338344917153849,-0.00621569543434269,-0.068225569042814,-0.05953022657370999,-0.03823925885563464,0.02414987048141356,0.0019133190671297919,0.020804433765726358,0.029037577865201974,0.03200532855338274,0.018788454195234384,0.0027642877045097585,0.020853705935252487,0.02241996568138163,0.024516999344102734
2025-09-30,421.75,1.1712,61.69,4.162,512.75,0.0005929439841674773,0.0003415883893163295,-0.028130350938849434,0.005058423408012484,-0.0130784135867921,0.045476159479394776,-8.537886878189749e-05,-0.009197321791914811,0.028266989225888925,0.014240358491963954,0.021570638625840338,0.0025647616008383175,-0.08227222414451138,-0.06172642577856121,-0.0406074420077048,0.025165328070262206,0.0016677897972924138,0.020972511362840448,0.01348746715217698,0.02943225624619817,0.018193817995614574,0.002260625598080634,0.0193892401819464,0.021332955446821025,0.024980692390203372
2025-10-07,410.75,1.1602,59.49,4.051,496.75,-0.02642796450870024,-0.009436460175083249,-0.03631361202173295,-0.027031963750889072,-0.03170151552056375,-0.029978264095867253,-0.010631101498150886,-0.062077097950316094,0.0042053246885334515,-0.055311381159697574,0.017188882380511233,-0.0024964503130293436,-0.12186501632928953,-0.07625680609373857,-0.08764026827505757,0.012741938900315051,0.004757717537121987,0.02176798476362356,0.022082981217782124,0.022037690999727414,0.02208999914380965,0.0036429812072608777,0.022456560889868322,0.021233898442128907,0.02612622569705756
2025-10-14,423.25,1.1657,57.52,3.986,504.75,0.0299782640958672,0.004729360893822679,-0.03367551778702308,-0.016175542429950514,0.015976375761020605,0.0035502995871670023,-0.00683938718029159,-0.08527133826975636,-0.03863194130466171,-0.011816976504784542,0.0722468308734018,-0.00854194994790879,-0.1482221533086326,-0.10335147429900376,-0.06472423940349643,0.023055625738791972,0.00594295317630412,0.023031211017401083,0.014663893464644116,0.02369886867954047,0.023260963697845177,0.004187982840080425,0.020483449138413976,0.021274420557844287,0.02669019123742227
2025-10-21,428.75,1.1632,61.31,3.997,526.0,0.01291097746690502,-0.002146937146531766,0.06381024836180536,0.00275585793858342,0.041237955544763054,0.017054221038239416,-0.006512448038475879,-0.03430923238580016,-0.035393224834243765,0.01243440219842784,0.10244930545036778,0.003876140776238225,-0.0780960944787037,-0.04954044556013627,0.017742014175832165,0.02374494285940122,0.005931179252486027,0.04837872293857237,0.015409818801044348,0.032110179895213156,0.022816859266391504,0.004213596558134579,0.0346438989174054,0.021611673898145452,0.02970713559312593
2025-10-28,434.25,1.1528,61.05,4.106,543.5,0.012746406641064545,-0.008981062093942546,-0.0042497612178830114,0.026905238867555338,0.032728493823554305,0.029207683695136533,-0.01583509852173477,-0.01042864266483359,-0.013546409374700894,0.05824130960877424,0.12037707083343016,-0.010355632757109153,-0.0465646874090398,-0.039866838065146064,0.05386280589752805,0.02389578520001799,0.006683184476682202,0.04660235343032814,0.023650127320965424,0.032577811559361944,0.022822262860983697,0.004976317360620418,0.03345586912681841,0.018678734720276587,0.02933726300315858
2025-11-04,429.75,1.1544,60.13,4.11,535.75,-0.010416760858255715,0.001386962774348806,-0.015184315505236324,0.0009737099114014389,-0.014362072207577771,0.04521888734558127,-0.0050116755723026455,0.010700653851662965,0.01445926428758972,0.07558075292176018,0.11516865508231257,-0.014021132025965614,-0.053270384058723884,-0.05468170780931323,0.06357460570092499,0.016584958076490717,0.005867427393027643,0.042527584004493225,0.01771830818163291,0.024529739997047512,0.016983521307972375,0.0050019279796249105,0.03275318268167575,0.01858544907991715,0.02778411095859449
2025-11-11,434.75,1.1615,59.91,4.133,544.25,0.011567508971433885,0.0061315447508027004,-0.0036654489556438292,0.0055805070214519185,0.015741065760970414,0.02680813222114767,-0.003609491715322844,0.04071072268304217,0.03621531373899232,0.07534544292170989,0.1105493425202848,-0.008145811387253605,-0.07846216726239547,-0.03378056685912831,0.07139091478254736,0.01142820201221463,0.006364778461821187,0.03614538460379782,0.012051134992224963,0.024539353513557235,0.017130227609493943,0.005717033697153856,0.03272114101986432,0.015951009045001355,0.02518817654233635
2025-11-18,423.75,1.1508,58.84,4.038,522.25,-0.025627494539732378,-0.009254920533070896,-0.018021540362596622,-0.023254015638949514,-0.04126229967798166,-0.011730339785489605,-0.010717475101862094,-0.04112106604135979,0.010205440161459335,-0.007154812301034684,0.06269165341022227,-0.01586240155969802,-0.08421742542067522,-0.04574300169400708,0.008171158177192175,0.018503651093364593,0.007683672495134868,0.007395940840853854,0.02058068300812253,0.0327362394363144,0.02007909756534488,0.006379245506084744,0.03205219505963133,0.017900462351807412,0.030133375519968846
2025-11-25,432.75,1.1601,59.32,4.096,530.25,0.021016535361658564,0.008048855603968093,0.008124621536494583,0.014261367846560857,0.01520219300811677,-0.003460211064895731,0.006312442596048608,-0.02874668328698225,-0.002438430859535129,-0.024681113116472312,0.07122363210963566,-0.009608034794468,-0.048372647743730735,0.012282148991652843,0.04780055498426569,0.021117024257067584,0.007745867812225398,0.01194698561088992,0.016070050192156397,0.02729740512815248,0.021328085808902986,0.007322221227556936,0.031589946994541186,0.018777450400358924,0.029949725546110466
2025-12-02,436.25,1.164,58.88,4.172,536.0,0.008055279460318364,0.0033561410100221545,-0.007445042849110554,0.018384649401319352,0.010785567626010054,0.015011829253678359,0.008281620831721797,-0.02100741063085653,0.014972508630382735,0.0004665267171155887,0.030252452503392212,-0.007361156238731714,-0.07238385472950956,0.033637097606505934,0.020735898479178342,0.020337316043785855,0.0077921080420540675,0.010790763733708025,0.018772579690829305,0.02767513478126525,0.017647582066723948,0.006628077959011561,0.02903392872092258,0.016899186399152052,0.02620831945542198
2025-12-09,439.75,1.1738,56.82,4.182,520.75,0.007990910101030528,0.008383999832850965,-0.03561309799457893,0.0023940638679160776,-0.02886408092972056,0.01143523038327519,0.01053407591377018,-0.052955059669791645,0.011786065476846594,-0.044138619973575495,0.041793662191589934,8.519701815590899e-05,-0.0975156752565058,0.009369437911177168,0.01938984644335001,0.01995423332644639,0.008251284292846257,0.01837976439630221,0.01873619399939049,0.02826124107095189,0.015193355928071023,0.007079016832544574,0.0293490655734221,0.014944769662625744,0.02924572743873863
2025-12-16,447.0,1.1708,58.01,4.169,515.5,0.01635221099590131,-0.0025590733065032206,0.020727033051930938,-0.0031134021077821638,-0.010132776684066765,0.053414935918908855,0.017229923140337916,-0.014206486255263853,0.03192667900801398,-0.013009096979660562,0.05873881717165861,0.0,-0.08963678468242385,0.006738894335229643,-0.007729507082267439,0.006443158896163071,0.005120888775153992,0.024282261860004026,0.010032921688663425,0.020338258868950652,0.015502011709838505,0.0071055220793758865,0.017002243009633617,0.015267372396265131,0.025242261954037535
2025-12-23,442.25,1.1773,58.08,4.116,513.0,-0.010683261573674226,0.005536405266420234,0.00120596103856763,-0.012794380926856613,-0.004861458286245089,0.021715138983575986,0.014717472802790111,-0.021125146753190726,0.004870930234596512,-0.03307274827402231,0.04746261161381702,0.00519481687710393,-0.06030047270500667,-0.011113909999639626,0.00048744821827951753,0.011436523925033528,0.004640573732966052,0.023403829434681396,0.013053541550881481,0.01635358174153863,0.01607746053216035,0.006017008568617593,0.01723232042071539,0.013588875311117014,0.020862017194961828
2025-12-30,444.5,1.1705,58.32,4.165,512.5,0.005074721914064708,-0.005792673153185586,0.004123717183862156,0.011834457647003017,-0.0009751341582063183,0.018734581437322356,0.005568658639582525,-0.009556386720218104,-0.001679261519719914,-0.044833450058238744,0.07896529803658188,0.008838603899001658,-0.019863143499411675,0.027752511398252484,0.031213829580637096,0.011304692147451344,0.00666569989218276,0.023759425509046146,0.010303242301588345,0.012354262874420952,0.015240640339556567,0.006722728281807127,0.017151607134214836,0.014194364232040483,0.02074378969363197
2026-01-06,421.5,1.1624,59.5,4.187,511.25,-0.05313027751204912,-0.006944174674892315,0.020031224851181285,0.005268211418200339,-0.0024420036555517443,-0.04238660617575743,-0.009759515868160871,0.04608793612554211,0.0011948860305644661,-0.018411372784069825,-0.004143243571334514,-0.002834931669713442,0.03384359913879267,0.049196265246403345,0.01279545016406458,0.0304464008685415,0.0056322057887928266,0.010300401117358185,0.010658970512754452,0.004019807065428489,0.024892807400090377,0.007080103278226834,0.019115929723440055,0.014182471521371606,0.019001151067143684
2026-01-13,424.75,1.1625,59.44,4.231,518.0,0.007680983110131178,8.602520543820851e-05,-0.0010089121420803694,0.010453884700924095,0.013116534902471607,-0.0510578340615274,-0.0071144173562194225,0.02435199093153082,0.014762172839270551,0.00483793880246845,-0.009373237928108315,-0.0006019693177434693,-0.030975561365092937,0.056894292008743956,-0.01532597047822682,0.02810683882164913,0.005767208284934445,0.009530169508910322,0.011347656017186424,0.00809815040678601,0.023479005861605815,0.006006347166890404,0.01783736702258856,0.010177804829893531,0.014528243563438755
2026-01-20,428.25,1.1858,60.63,4.213,522.5,0.008206376652187949,0.01984479381175588,0.019822419674135623,-0.004263388741050901,0.008649741579482938,-0.032168195835665346,0.007193971189116226,0.0429684495670988,0.023293165025076435,0.018349138668196617,-0.013913267916985002,0.028223886587954956,-0.0069033804730742315,0.02572566440013776,-0.039404722722298106,0.03008999337807454,0.012418555479263937,0.0108109408062538,0.00729442124781518,0.007518933063798608,0.022269556619957994,0.008736963503695282,0.018925967256393325,0.010094078369575685,0.013640529303054868
2026-01-27,425.75,1.1849,62.14,4.275,527.75,-0.00585481766143167,-0.0007592694505729909,0.0246000838812619,0.01460911939184417,0.009997702889463852,-0.04309773541116156,0.01222737489172881,0.06344481626449867,0.026067826769917684,0.029321975715866772,-0.009351324720160998,0.026077654363033054,0.03288101891342405,0.039361073880580306,-0.015044947625256402,0.028977541293554888,0.011622451256015146,0.011460790312229742,0.008139568205642824,0.006778259294461282,0.02197526634898358,0.008816227712245077,0.01983405080718667,0.0093615149191309,0.013538813132024138
2026-02-03,428.75,1.1826,64.36,4.198,528.75,0.007021678937352089,-0.0019429784359647384,0.03510241815928115,-0.018175880990282247,0.0018930436320576528,0.017054221038239416,0.01722857113065642,0.07851600957259844,0.0026237343614350667,0.03365702300347627,-0.013897154754242783,0.01800313117626575,0.07164888602834905,0.01560468586884613,-0.028892969754169096,0.0067629719906334715,0.010391807370347901,0.015166840730587789,0.014939078648249457,0.0047328777410203466,0.021908298624909815,0.008537135789270922,0.012760661963418508,0.012015611099702967,0.00805841770759176
2026-02-10,431.75,1.1867,62.89,4.056,548.75,0.006972718546638237,0.003460941284363901,-0.023105153568770492,-0.03441095510955926,0.03712723402889343,0.016345956474746487,0.020603487209582,0.05641976814590823,-0.04224110544904838,0.05766772212989796,0.018703058332127966,0.030718992993700536,0.0665652728221751,0.00444774639823627,0.049496563952706026,0.006652035111339899,0.010066771909062395,0.02561459721434023,0.020816672700010433,0.015549873197491083,0.020944282381520934,0.008450165200435641,0.018397740373279705,0.01728947324283596,0.013474892208473295
2026-02-17,427.5,1.1835,66.31,4.029,569.5,-0.009892428649973061,-0.0027001957170548828,0.05295354682536425,-0.006679060079671888,0.03711581849785567,-0.0017528488274143605,-0.001941502319228627,0.08955089529713697,-0.04465677678766929,0.0861337990482707,-0.012205905679503734,0.019969941672677526,0.1113941981110449,-0.016492681527996447,0.07141018944244494,0.008742495710043072,0.0027494526104614747,0.03250861126064376,0.0206070842674075,0.018301141421952313,0.02091190182272187,0.00841573474488541,0.023275674834194075,0.016948370482473597,0.015805710623278738
2026-02-24,433.25,1.1759,71.23,4.048,574.5,0.013360640218900448,-0.006442338124668612,0.07157336260948613,0.00470472577595424,0.00874131440157358,0.017462609052917778,-0.007624570993324348,0.13652417402536113,-0.054561170403559185,0.0848774105603804,-0.006900544920921511,0.010171462537986916,0.1904126035696417,-0.03017260515336148,0.06936593621800834,0.009967513095883604,0.004083076311285295,0.04095989793018595,0.016703197703316627,0.01857387031291706,0.021631960697772634,0.008489667043063654,0.02950729431716597,0.016249736483231473,0.014921705977666035
2026-03-03,453.5,1.1616,78.87,4.146,585.25,0.04568034095947589,-0.01223544675883841,0.10188684941963713,0.023921082028423343,0.01853900908220985,0.05612127107504162,-0.01791703931619793,0.20330860528571723,-0.012464207384853467,0.10152337601053237,0.03078888593752385,-0.010447984053702501,0.32791255098385774,-0.008645586992854153,0.11676902622993887,0.023268576370925217,0.006588474151136896,0.0532541244628227,0.024387409105959396,0.014134732110129972,0.016700182245580706,0.00932427475462458,0.03990122354595287,0.018830905939619082,0.01332185414175596
